cell_id	cell_barcode	locus_id	locus_name	te_family	te_class	target_umis
CELL_001	AAAACTCCATGTGTAA	TE_001	chr1:52575751-52576027(+)	Alu	SINE	100
CELL_002	CTCCGGAAGTAGAATC	TE_001	chr1:52575751-52576027(+)	Alu	SINE	100
CELL_003	TTGCACTCGGCCTTTC	TE_001	chr1:52575751-52576027(+)	Alu	SINE	100
CELL_004	CATATCTCGTGAACCC	TE_001	chr1:52575751-52576027(+)	Alu	SINE	100
CELL_005	CCTGCACGCCCTAAAG	TE_001	chr1:52575751-52576027(+)	Alu	SINE	100
CELL_006	TACAATTAGGATATTC	TE_001	chr1:52575751-52576027(+)	Alu	SINE	100
CELL_007	ATCCCTACACTGTATA	TE_001	chr1:52575751-52576027(+)	Alu	SINE	100
CELL_008	TGCCGAACGTTCTAAT	TE_001	chr1:52575751-52576027(+)	Alu	SINE	100
CELL_009	AAACGACTTAGCAACA	TE_001	chr1:52575751-52576027(+)	Alu	SINE	100
CELL_010	AGTCGCCTAGAAAGGT	TE_001	chr1:52575751-52576027(+)	Alu	SINE	100
CELL_011	ACCGCTGGCATATCAC	TE_001	chr1:52575751-52576027(+)	Alu	SINE	100
CELL_012	GCCTCCCGCTTGCCGT	TE_001	chr1:52575751-52576027(+)	Alu	SINE	100
CELL_013	CTTCAACTTCATGACC	TE_001	chr1:52575751-52576027(+)	Alu	SINE	100
CELL_014	CTCGTGCATCACAAAG	TE_001	chr1:52575751-52576027(+)	Alu	SINE	100
CELL_015	CCTCAAGCCGGAGTCT	TE_001	chr1:52575751-52576027(+)	Alu	SINE	100
CELL_016	AGGCTTTGAAACAGCT	TE_001	chr1:52575751-52576027(+)	Alu	SINE	100
CELL_017	GAATAAATCGTGTGAA	TE_001	chr1:52575751-52576027(+)	Alu	SINE	100
CELL_018	TACGTGAGTCGTCGGA	TE_001	chr1:52575751-52576027(+)	Alu	SINE	100
CELL_019	AAGCAGTTGAATATCT	TE_001	chr1:52575751-52576027(+)	Alu	SINE	100
CELL_020	AACGACCCCTGCGCAA	TE_001	chr1:52575751-52576027(+)	Alu	SINE	100
CELL_021	GGACACACTAGTCGCC	TE_001	chr1:52575751-52576027(+)	Alu	SINE	100
CELL_022	CTTGAGAGCACTCCAG	TE_001	chr1:52575751-52576027(+)	Alu	SINE	100
CELL_023	TCCAGGCGAGGTATCC	TE_001	chr1:52575751-52576027(+)	Alu	SINE	100
CELL_024	ACGACGATACGACTCG	TE_001	chr1:52575751-52576027(+)	Alu	SINE	100
CELL_025	GCTAGCAAACGCGCGG	TE_001	chr1:52575751-52576027(+)	Alu	SINE	100
CELL_026	TTTATCTATGCAGCTA	TE_001	chr1:52575751-52576027(+)	Alu	SINE	100
CELL_027	ATATCCTTAGTAGTCG	TE_001	chr1:52575751-52576027(+)	Alu	SINE	100
CELL_028	ACCCCTGAGATGACCG	TE_001	chr1:52575751-52576027(+)	Alu	SINE	100
CELL_029	GTCATCAGGCGGCATC	TE_001	chr1:52575751-52576027(+)	Alu	SINE	100
CELL_030	CGACGCACCAACGGCT	TE_001	chr1:52575751-52576027(+)	Alu	SINE	100
CELL_031	CCTACAGACTCGTGCT	TE_001	chr1:52575751-52576027(+)	Alu	SINE	100
CELL_032	ACCGGACCATGCGACT	TE_001	chr1:52575751-52576027(+)	Alu	SINE	100
CELL_033	CGAACATCAGATGGAC	TE_001	chr1:52575751-52576027(+)	Alu	SINE	100
CELL_034	AGACCTCGTAATAGCC	TE_001	chr1:52575751-52576027(+)	Alu	SINE	100
CELL_035	GGGCCATGTAACACTG	TE_001	chr1:52575751-52576027(+)	Alu	SINE	100
CELL_036	ATGTCTCCGGGCAGCT	TE_001	chr1:52575751-52576027(+)	Alu	SINE	100
CELL_037	CATGACGAGCACCAGA	TE_001	chr1:52575751-52576027(+)	Alu	SINE	100
CELL_038	CCCGAGAGTTCCTGTT	TE_001	chr1:52575751-52576027(+)	Alu	SINE	100
CELL_039	AGTTTTGGTTAGGCAC	TE_001	chr1:52575751-52576027(+)	Alu	SINE	100
CELL_040	GGAACGCTATCGAGCG	TE_001	chr1:52575751-52576027(+)	Alu	SINE	100
CELL_041	CGTAAGCGCCAACCCG	TE_001	chr1:52575751-52576027(+)	Alu	SINE	100
CELL_042	CATTTACGAAGTACCC	TE_001	chr1:52575751-52576027(+)	Alu	SINE	100
CELL_043	ATCGTATGTAATAAGA	TE_001	chr1:52575751-52576027(+)	Alu	SINE	100
CELL_044	CCTCGAGTACGTCGGG	TE_001	chr1:52575751-52576027(+)	Alu	SINE	100
CELL_045	ACGTTGGCTGTGATGT	TE_001	chr1:52575751-52576027(+)	Alu	SINE	100
CELL_046	TTTGATGAGCGAAGTT	TE_001	chr1:52575751-52576027(+)	Alu	SINE	100
CELL_047	CGACGTTGCCGATGTT	TE_001	chr1:52575751-52576027(+)	Alu	SINE	100
CELL_048	TACCCTAAGGGAGACG	TE_001	chr1:52575751-52576027(+)	Alu	SINE	100
CELL_049	ACATCATCGCACGACT	TE_001	chr1:52575751-52576027(+)	Alu	SINE	100
CELL_050	CGTCATTTGCATCATC	TE_001	chr1:52575751-52576027(+)	Alu	SINE	100
CELL_051	TCCACTGCCCCGATGT	TE_001	chr1:52575751-52576027(+)	Alu	SINE	100
CELL_052	CTGCTATGGACGGCTT	TE_001	chr1:52575751-52576027(+)	Alu	SINE	100
CELL_053	CACCTGATGTGGAGCG	TE_001	chr1:52575751-52576027(+)	Alu	SINE	100
CELL_054	AGGGTACTGATAGATA	TE_001	chr1:52575751-52576027(+)	Alu	SINE	100
CELL_055	TACGACAATGCACGTA	TE_001	chr1:52575751-52576027(+)	Alu	SINE	100
CELL_056	GTCTCGATACGTCATT	TE_001	chr1:52575751-52576027(+)	Alu	SINE	100
CELL_057	GGTACGAACAGTTCGT	TE_001	chr1:52575751-52576027(+)	Alu	SINE	100
CELL_058	ATTCCCCATGTCTGGA	TE_001	chr1:52575751-52576027(+)	Alu	SINE	100
CELL_059	CCGACGTTAAGCTCAT	TE_001	chr1:52575751-52576027(+)	Alu	SINE	100
CELL_060	GTCTCAGGACGGAGAA	TE_001	chr1:52575751-52576027(+)	Alu	SINE	100
CELL_061	TGCAGCCCAACAGCTT	TE_001	chr1:52575751-52576027(+)	Alu	SINE	100
CELL_062	GGCCGGATCAAGCAGG	TE_001	chr1:52575751-52576027(+)	Alu	SINE	100
CELL_063	ATGAGAGGCACTTACT	TE_001	chr1:52575751-52576027(+)	Alu	SINE	100
CELL_064	TTCCCCGCTACGATGC	TE_001	chr1:52575751-52576027(+)	Alu	SINE	100
CELL_065	TTTGCACAAATTCTAC	TE_001	chr1:52575751-52576027(+)	Alu	SINE	100
CELL_066	CGCATTGATCGTGGAT	TE_001	chr1:52575751-52576027(+)	Alu	SINE	100
CELL_067	TACTAGTTTTGATGGC	TE_001	chr1:52575751-52576027(+)	Alu	SINE	100
CELL_068	ATGGGTAATGGTGGAG	TE_001	chr1:52575751-52576027(+)	Alu	SINE	100
CELL_069	CCAAACATCCAGCTAG	TE_001	chr1:52575751-52576027(+)	Alu	SINE	100
CELL_070	CAGCTGCAAGCTTTGC	TE_001	chr1:52575751-52576027(+)	Alu	SINE	100
CELL_071	CTACGTGGAGTCTCTG	TE_001	chr1:52575751-52576027(+)	Alu	SINE	100
CELL_072	TGAAATTCAGAGATAC	TE_001	chr1:52575751-52576027(+)	Alu	SINE	100
CELL_073	GCAGCTAATGGCCCCG	TE_001	chr1:52575751-52576027(+)	Alu	SINE	100
CELL_074	CTTAACGGGTGCATCG	TE_001	chr1:52575751-52576027(+)	Alu	SINE	100
CELL_075	GCACAGCCTCGTGCAG	TE_001	chr1:52575751-52576027(+)	Alu	SINE	100
CELL_076	CCCTCACAAATTTCCG	TE_001	chr1:52575751-52576027(+)	Alu	SINE	100
CELL_077	CCATCAGTGATTCAGT	TE_001	chr1:52575751-52576027(+)	Alu	SINE	100
CELL_078	ATTGTTTCACCGCAGT	TE_001	chr1:52575751-52576027(+)	Alu	SINE	100
CELL_079	TACCGTGAAGTGCCGC	TE_001	chr1:52575751-52576027(+)	Alu	SINE	100
CELL_080	CATATACACAGGTTCA	TE_001	chr1:52575751-52576027(+)	Alu	SINE	100
CELL_081	TGCTAGAGAAACTGCC	TE_001	chr1:52575751-52576027(+)	Alu	SINE	100
CELL_082	ACCCGGGCTTGCCAAC	TE_001	chr1:52575751-52576027(+)	Alu	SINE	100
CELL_083	CGGCAACGTGGCGTTG	TE_001	chr1:52575751-52576027(+)	Alu	SINE	100
CELL_084	ATTGACAGAGCTTCTT	TE_001	chr1:52575751-52576027(+)	Alu	SINE	100
CELL_085	AAGCCGCTGATGTCCA	TE_001	chr1:52575751-52576027(+)	Alu	SINE	100
CELL_086	AAAACTGAGTTAGTTC	TE_001	chr1:52575751-52576027(+)	Alu	SINE	100
CELL_087	GAGATAGTTGGATGTC	TE_001	chr1:52575751-52576027(+)	Alu	SINE	100
CELL_088	GCACTAGAGGGAACAG	TE_001	chr1:52575751-52576027(+)	Alu	SINE	100
CELL_089	CCATAGGACCGATACA	TE_001	chr1:52575751-52576027(+)	Alu	SINE	100
CELL_090	GACAGTTCAATGGCGG	TE_001	chr1:52575751-52576027(+)	Alu	SINE	100
CELL_091	ATGCCCGCACCTGTAT	TE_001	chr1:52575751-52576027(+)	Alu	SINE	100
CELL_092	ACACCTAGTATGTAAA	TE_001	chr1:52575751-52576027(+)	Alu	SINE	100
CELL_093	AATTGAATACGAGAGG	TE_001	chr1:52575751-52576027(+)	Alu	SINE	100
CELL_094	GGCACCCTTTTGCCCT	TE_001	chr1:52575751-52576027(+)	Alu	SINE	100
CELL_095	CCCACTGTCTATTCCA	TE_001	chr1:52575751-52576027(+)	Alu	SINE	100
CELL_096	GGTCGCCGAATATGTC	TE_001	chr1:52575751-52576027(+)	Alu	SINE	100
CELL_097	CCGACTTCGACCCGTT	TE_001	chr1:52575751-52576027(+)	Alu	SINE	100
CELL_098	TGGTAGGCCAGGGGCC	TE_001	chr1:52575751-52576027(+)	Alu	SINE	100
CELL_099	TGGGCTAAACACGGCC	TE_001	chr1:52575751-52576027(+)	Alu	SINE	100
CELL_100	TTCCCGATTGCCATGA	TE_001	chr1:52575751-52576027(+)	Alu	SINE	100
CELL_001	AAAACTCCATGTGTAA	TE_002	chr15:25994289-25994582(+)	Alu	SINE	100
CELL_002	CTCCGGAAGTAGAATC	TE_002	chr15:25994289-25994582(+)	Alu	SINE	100
CELL_003	TTGCACTCGGCCTTTC	TE_002	chr15:25994289-25994582(+)	Alu	SINE	100
CELL_004	CATATCTCGTGAACCC	TE_002	chr15:25994289-25994582(+)	Alu	SINE	100
CELL_005	CCTGCACGCCCTAAAG	TE_002	chr15:25994289-25994582(+)	Alu	SINE	100
CELL_006	TACAATTAGGATATTC	TE_002	chr15:25994289-25994582(+)	Alu	SINE	100
CELL_007	ATCCCTACACTGTATA	TE_002	chr15:25994289-25994582(+)	Alu	SINE	100
CELL_008	TGCCGAACGTTCTAAT	TE_002	chr15:25994289-25994582(+)	Alu	SINE	100
CELL_009	AAACGACTTAGCAACA	TE_002	chr15:25994289-25994582(+)	Alu	SINE	100
CELL_010	AGTCGCCTAGAAAGGT	TE_002	chr15:25994289-25994582(+)	Alu	SINE	100
CELL_011	ACCGCTGGCATATCAC	TE_002	chr15:25994289-25994582(+)	Alu	SINE	100
CELL_012	GCCTCCCGCTTGCCGT	TE_002	chr15:25994289-25994582(+)	Alu	SINE	100
CELL_013	CTTCAACTTCATGACC	TE_002	chr15:25994289-25994582(+)	Alu	SINE	100
CELL_014	CTCGTGCATCACAAAG	TE_002	chr15:25994289-25994582(+)	Alu	SINE	100
CELL_015	CCTCAAGCCGGAGTCT	TE_002	chr15:25994289-25994582(+)	Alu	SINE	100
CELL_016	AGGCTTTGAAACAGCT	TE_002	chr15:25994289-25994582(+)	Alu	SINE	100
CELL_017	GAATAAATCGTGTGAA	TE_002	chr15:25994289-25994582(+)	Alu	SINE	100
CELL_018	TACGTGAGTCGTCGGA	TE_002	chr15:25994289-25994582(+)	Alu	SINE	100
CELL_019	AAGCAGTTGAATATCT	TE_002	chr15:25994289-25994582(+)	Alu	SINE	100
CELL_020	AACGACCCCTGCGCAA	TE_002	chr15:25994289-25994582(+)	Alu	SINE	100
CELL_021	GGACACACTAGTCGCC	TE_002	chr15:25994289-25994582(+)	Alu	SINE	100
CELL_022	CTTGAGAGCACTCCAG	TE_002	chr15:25994289-25994582(+)	Alu	SINE	100
CELL_023	TCCAGGCGAGGTATCC	TE_002	chr15:25994289-25994582(+)	Alu	SINE	100
CELL_024	ACGACGATACGACTCG	TE_002	chr15:25994289-25994582(+)	Alu	SINE	100
CELL_025	GCTAGCAAACGCGCGG	TE_002	chr15:25994289-25994582(+)	Alu	SINE	100
CELL_026	TTTATCTATGCAGCTA	TE_002	chr15:25994289-25994582(+)	Alu	SINE	100
CELL_027	ATATCCTTAGTAGTCG	TE_002	chr15:25994289-25994582(+)	Alu	SINE	100
CELL_028	ACCCCTGAGATGACCG	TE_002	chr15:25994289-25994582(+)	Alu	SINE	100
CELL_029	GTCATCAGGCGGCATC	TE_002	chr15:25994289-25994582(+)	Alu	SINE	100
CELL_030	CGACGCACCAACGGCT	TE_002	chr15:25994289-25994582(+)	Alu	SINE	100
CELL_031	CCTACAGACTCGTGCT	TE_002	chr15:25994289-25994582(+)	Alu	SINE	100
CELL_032	ACCGGACCATGCGACT	TE_002	chr15:25994289-25994582(+)	Alu	SINE	100
CELL_033	CGAACATCAGATGGAC	TE_002	chr15:25994289-25994582(+)	Alu	SINE	100
CELL_034	AGACCTCGTAATAGCC	TE_002	chr15:25994289-25994582(+)	Alu	SINE	100
CELL_035	GGGCCATGTAACACTG	TE_002	chr15:25994289-25994582(+)	Alu	SINE	100
CELL_036	ATGTCTCCGGGCAGCT	TE_002	chr15:25994289-25994582(+)	Alu	SINE	100
CELL_037	CATGACGAGCACCAGA	TE_002	chr15:25994289-25994582(+)	Alu	SINE	100
CELL_038	CCCGAGAGTTCCTGTT	TE_002	chr15:25994289-25994582(+)	Alu	SINE	100
CELL_039	AGTTTTGGTTAGGCAC	TE_002	chr15:25994289-25994582(+)	Alu	SINE	100
CELL_040	GGAACGCTATCGAGCG	TE_002	chr15:25994289-25994582(+)	Alu	SINE	100
CELL_041	CGTAAGCGCCAACCCG	TE_002	chr15:25994289-25994582(+)	Alu	SINE	100
CELL_042	CATTTACGAAGTACCC	TE_002	chr15:25994289-25994582(+)	Alu	SINE	100
CELL_043	ATCGTATGTAATAAGA	TE_002	chr15:25994289-25994582(+)	Alu	SINE	100
CELL_044	CCTCGAGTACGTCGGG	TE_002	chr15:25994289-25994582(+)	Alu	SINE	100
CELL_045	ACGTTGGCTGTGATGT	TE_002	chr15:25994289-25994582(+)	Alu	SINE	100
CELL_046	TTTGATGAGCGAAGTT	TE_002	chr15:25994289-25994582(+)	Alu	SINE	100
CELL_047	CGACGTTGCCGATGTT	TE_002	chr15:25994289-25994582(+)	Alu	SINE	100
CELL_048	TACCCTAAGGGAGACG	TE_002	chr15:25994289-25994582(+)	Alu	SINE	100
CELL_049	ACATCATCGCACGACT	TE_002	chr15:25994289-25994582(+)	Alu	SINE	100
CELL_050	CGTCATTTGCATCATC	TE_002	chr15:25994289-25994582(+)	Alu	SINE	100
CELL_051	TCCACTGCCCCGATGT	TE_002	chr15:25994289-25994582(+)	Alu	SINE	100
CELL_052	CTGCTATGGACGGCTT	TE_002	chr15:25994289-25994582(+)	Alu	SINE	100
CELL_053	CACCTGATGTGGAGCG	TE_002	chr15:25994289-25994582(+)	Alu	SINE	100
CELL_054	AGGGTACTGATAGATA	TE_002	chr15:25994289-25994582(+)	Alu	SINE	100
CELL_055	TACGACAATGCACGTA	TE_002	chr15:25994289-25994582(+)	Alu	SINE	100
CELL_056	GTCTCGATACGTCATT	TE_002	chr15:25994289-25994582(+)	Alu	SINE	100
CELL_057	GGTACGAACAGTTCGT	TE_002	chr15:25994289-25994582(+)	Alu	SINE	100
CELL_058	ATTCCCCATGTCTGGA	TE_002	chr15:25994289-25994582(+)	Alu	SINE	100
CELL_059	CCGACGTTAAGCTCAT	TE_002	chr15:25994289-25994582(+)	Alu	SINE	100
CELL_060	GTCTCAGGACGGAGAA	TE_002	chr15:25994289-25994582(+)	Alu	SINE	100
CELL_061	TGCAGCCCAACAGCTT	TE_002	chr15:25994289-25994582(+)	Alu	SINE	100
CELL_062	GGCCGGATCAAGCAGG	TE_002	chr15:25994289-25994582(+)	Alu	SINE	100
CELL_063	ATGAGAGGCACTTACT	TE_002	chr15:25994289-25994582(+)	Alu	SINE	100
CELL_064	TTCCCCGCTACGATGC	TE_002	chr15:25994289-25994582(+)	Alu	SINE	100
CELL_065	TTTGCACAAATTCTAC	TE_002	chr15:25994289-25994582(+)	Alu	SINE	100
CELL_066	CGCATTGATCGTGGAT	TE_002	chr15:25994289-25994582(+)	Alu	SINE	100
CELL_067	TACTAGTTTTGATGGC	TE_002	chr15:25994289-25994582(+)	Alu	SINE	100
CELL_068	ATGGGTAATGGTGGAG	TE_002	chr15:25994289-25994582(+)	Alu	SINE	100
CELL_069	CCAAACATCCAGCTAG	TE_002	chr15:25994289-25994582(+)	Alu	SINE	100
CELL_070	CAGCTGCAAGCTTTGC	TE_002	chr15:25994289-25994582(+)	Alu	SINE	100
CELL_071	CTACGTGGAGTCTCTG	TE_002	chr15:25994289-25994582(+)	Alu	SINE	100
CELL_072	TGAAATTCAGAGATAC	TE_002	chr15:25994289-25994582(+)	Alu	SINE	100
CELL_073	GCAGCTAATGGCCCCG	TE_002	chr15:25994289-25994582(+)	Alu	SINE	100
CELL_074	CTTAACGGGTGCATCG	TE_002	chr15:25994289-25994582(+)	Alu	SINE	100
CELL_075	GCACAGCCTCGTGCAG	TE_002	chr15:25994289-25994582(+)	Alu	SINE	100
CELL_076	CCCTCACAAATTTCCG	TE_002	chr15:25994289-25994582(+)	Alu	SINE	100
CELL_077	CCATCAGTGATTCAGT	TE_002	chr15:25994289-25994582(+)	Alu	SINE	100
CELL_078	ATTGTTTCACCGCAGT	TE_002	chr15:25994289-25994582(+)	Alu	SINE	100
CELL_079	TACCGTGAAGTGCCGC	TE_002	chr15:25994289-25994582(+)	Alu	SINE	100
CELL_080	CATATACACAGGTTCA	TE_002	chr15:25994289-25994582(+)	Alu	SINE	100
CELL_081	TGCTAGAGAAACTGCC	TE_002	chr15:25994289-25994582(+)	Alu	SINE	100
CELL_082	ACCCGGGCTTGCCAAC	TE_002	chr15:25994289-25994582(+)	Alu	SINE	100
CELL_083	CGGCAACGTGGCGTTG	TE_002	chr15:25994289-25994582(+)	Alu	SINE	100
CELL_084	ATTGACAGAGCTTCTT	TE_002	chr15:25994289-25994582(+)	Alu	SINE	100
CELL_085	AAGCCGCTGATGTCCA	TE_002	chr15:25994289-25994582(+)	Alu	SINE	100
CELL_086	AAAACTGAGTTAGTTC	TE_002	chr15:25994289-25994582(+)	Alu	SINE	100
CELL_087	GAGATAGTTGGATGTC	TE_002	chr15:25994289-25994582(+)	Alu	SINE	100
CELL_088	GCACTAGAGGGAACAG	TE_002	chr15:25994289-25994582(+)	Alu	SINE	100
CELL_089	CCATAGGACCGATACA	TE_002	chr15:25994289-25994582(+)	Alu	SINE	100
CELL_090	GACAGTTCAATGGCGG	TE_002	chr15:25994289-25994582(+)	Alu	SINE	100
CELL_091	ATGCCCGCACCTGTAT	TE_002	chr15:25994289-25994582(+)	Alu	SINE	100
CELL_092	ACACCTAGTATGTAAA	TE_002	chr15:25994289-25994582(+)	Alu	SINE	100
CELL_093	AATTGAATACGAGAGG	TE_002	chr15:25994289-25994582(+)	Alu	SINE	100
CELL_094	GGCACCCTTTTGCCCT	TE_002	chr15:25994289-25994582(+)	Alu	SINE	100
CELL_095	CCCACTGTCTATTCCA	TE_002	chr15:25994289-25994582(+)	Alu	SINE	100
CELL_096	GGTCGCCGAATATGTC	TE_002	chr15:25994289-25994582(+)	Alu	SINE	100
CELL_097	CCGACTTCGACCCGTT	TE_002	chr15:25994289-25994582(+)	Alu	SINE	100
CELL_098	TGGTAGGCCAGGGGCC	TE_002	chr15:25994289-25994582(+)	Alu	SINE	100
CELL_099	TGGGCTAAACACGGCC	TE_002	chr15:25994289-25994582(+)	Alu	SINE	100
CELL_100	TTCCCGATTGCCATGA	TE_002	chr15:25994289-25994582(+)	Alu	SINE	100
CELL_001	AAAACTCCATGTGTAA	TE_003	chr20:21368796-21369075(-)	Alu	SINE	100
CELL_002	CTCCGGAAGTAGAATC	TE_003	chr20:21368796-21369075(-)	Alu	SINE	100
CELL_003	TTGCACTCGGCCTTTC	TE_003	chr20:21368796-21369075(-)	Alu	SINE	100
CELL_004	CATATCTCGTGAACCC	TE_003	chr20:21368796-21369075(-)	Alu	SINE	100
CELL_005	CCTGCACGCCCTAAAG	TE_003	chr20:21368796-21369075(-)	Alu	SINE	100
CELL_006	TACAATTAGGATATTC	TE_003	chr20:21368796-21369075(-)	Alu	SINE	100
CELL_007	ATCCCTACACTGTATA	TE_003	chr20:21368796-21369075(-)	Alu	SINE	100
CELL_008	TGCCGAACGTTCTAAT	TE_003	chr20:21368796-21369075(-)	Alu	SINE	100
CELL_009	AAACGACTTAGCAACA	TE_003	chr20:21368796-21369075(-)	Alu	SINE	100
CELL_010	AGTCGCCTAGAAAGGT	TE_003	chr20:21368796-21369075(-)	Alu	SINE	100
CELL_011	ACCGCTGGCATATCAC	TE_003	chr20:21368796-21369075(-)	Alu	SINE	100
CELL_012	GCCTCCCGCTTGCCGT	TE_003	chr20:21368796-21369075(-)	Alu	SINE	100
CELL_013	CTTCAACTTCATGACC	TE_003	chr20:21368796-21369075(-)	Alu	SINE	100
CELL_014	CTCGTGCATCACAAAG	TE_003	chr20:21368796-21369075(-)	Alu	SINE	100
CELL_015	CCTCAAGCCGGAGTCT	TE_003	chr20:21368796-21369075(-)	Alu	SINE	100
CELL_016	AGGCTTTGAAACAGCT	TE_003	chr20:21368796-21369075(-)	Alu	SINE	100
CELL_017	GAATAAATCGTGTGAA	TE_003	chr20:21368796-21369075(-)	Alu	SINE	100
CELL_018	TACGTGAGTCGTCGGA	TE_003	chr20:21368796-21369075(-)	Alu	SINE	100
CELL_019	AAGCAGTTGAATATCT	TE_003	chr20:21368796-21369075(-)	Alu	SINE	100
CELL_020	AACGACCCCTGCGCAA	TE_003	chr20:21368796-21369075(-)	Alu	SINE	100
CELL_021	GGACACACTAGTCGCC	TE_003	chr20:21368796-21369075(-)	Alu	SINE	100
CELL_022	CTTGAGAGCACTCCAG	TE_003	chr20:21368796-21369075(-)	Alu	SINE	100
CELL_023	TCCAGGCGAGGTATCC	TE_003	chr20:21368796-21369075(-)	Alu	SINE	100
CELL_024	ACGACGATACGACTCG	TE_003	chr20:21368796-21369075(-)	Alu	SINE	100
CELL_025	GCTAGCAAACGCGCGG	TE_003	chr20:21368796-21369075(-)	Alu	SINE	100
CELL_026	TTTATCTATGCAGCTA	TE_003	chr20:21368796-21369075(-)	Alu	SINE	100
CELL_027	ATATCCTTAGTAGTCG	TE_003	chr20:21368796-21369075(-)	Alu	SINE	100
CELL_028	ACCCCTGAGATGACCG	TE_003	chr20:21368796-21369075(-)	Alu	SINE	100
CELL_029	GTCATCAGGCGGCATC	TE_003	chr20:21368796-21369075(-)	Alu	SINE	100
CELL_030	CGACGCACCAACGGCT	TE_003	chr20:21368796-21369075(-)	Alu	SINE	100
CELL_031	CCTACAGACTCGTGCT	TE_003	chr20:21368796-21369075(-)	Alu	SINE	100
CELL_032	ACCGGACCATGCGACT	TE_003	chr20:21368796-21369075(-)	Alu	SINE	100
CELL_033	CGAACATCAGATGGAC	TE_003	chr20:21368796-21369075(-)	Alu	SINE	100
CELL_034	AGACCTCGTAATAGCC	TE_003	chr20:21368796-21369075(-)	Alu	SINE	100
CELL_035	GGGCCATGTAACACTG	TE_003	chr20:21368796-21369075(-)	Alu	SINE	100
CELL_036	ATGTCTCCGGGCAGCT	TE_003	chr20:21368796-21369075(-)	Alu	SINE	100
CELL_037	CATGACGAGCACCAGA	TE_003	chr20:21368796-21369075(-)	Alu	SINE	100
CELL_038	CCCGAGAGTTCCTGTT	TE_003	chr20:21368796-21369075(-)	Alu	SINE	100
CELL_039	AGTTTTGGTTAGGCAC	TE_003	chr20:21368796-21369075(-)	Alu	SINE	100
CELL_040	GGAACGCTATCGAGCG	TE_003	chr20:21368796-21369075(-)	Alu	SINE	100
CELL_041	CGTAAGCGCCAACCCG	TE_003	chr20:21368796-21369075(-)	Alu	SINE	100
CELL_042	CATTTACGAAGTACCC	TE_003	chr20:21368796-21369075(-)	Alu	SINE	100
CELL_043	ATCGTATGTAATAAGA	TE_003	chr20:21368796-21369075(-)	Alu	SINE	100
CELL_044	CCTCGAGTACGTCGGG	TE_003	chr20:21368796-21369075(-)	Alu	SINE	100
CELL_045	ACGTTGGCTGTGATGT	TE_003	chr20:21368796-21369075(-)	Alu	SINE	100
CELL_046	TTTGATGAGCGAAGTT	TE_003	chr20:21368796-21369075(-)	Alu	SINE	100
CELL_047	CGACGTTGCCGATGTT	TE_003	chr20:21368796-21369075(-)	Alu	SINE	100
CELL_048	TACCCTAAGGGAGACG	TE_003	chr20:21368796-21369075(-)	Alu	SINE	100
CELL_049	ACATCATCGCACGACT	TE_003	chr20:21368796-21369075(-)	Alu	SINE	100
CELL_050	CGTCATTTGCATCATC	TE_003	chr20:21368796-21369075(-)	Alu	SINE	100
CELL_051	TCCACTGCCCCGATGT	TE_003	chr20:21368796-21369075(-)	Alu	SINE	100
CELL_052	CTGCTATGGACGGCTT	TE_003	chr20:21368796-21369075(-)	Alu	SINE	100
CELL_053	CACCTGATGTGGAGCG	TE_003	chr20:21368796-21369075(-)	Alu	SINE	100
CELL_054	AGGGTACTGATAGATA	TE_003	chr20:21368796-21369075(-)	Alu	SINE	100
CELL_055	TACGACAATGCACGTA	TE_003	chr20:21368796-21369075(-)	Alu	SINE	100
CELL_056	GTCTCGATACGTCATT	TE_003	chr20:21368796-21369075(-)	Alu	SINE	100
CELL_057	GGTACGAACAGTTCGT	TE_003	chr20:21368796-21369075(-)	Alu	SINE	100
CELL_058	ATTCCCCATGTCTGGA	TE_003	chr20:21368796-21369075(-)	Alu	SINE	100
CELL_059	CCGACGTTAAGCTCAT	TE_003	chr20:21368796-21369075(-)	Alu	SINE	100
CELL_060	GTCTCAGGACGGAGAA	TE_003	chr20:21368796-21369075(-)	Alu	SINE	100
CELL_061	TGCAGCCCAACAGCTT	TE_003	chr20:21368796-21369075(-)	Alu	SINE	100
CELL_062	GGCCGGATCAAGCAGG	TE_003	chr20:21368796-21369075(-)	Alu	SINE	100
CELL_063	ATGAGAGGCACTTACT	TE_003	chr20:21368796-21369075(-)	Alu	SINE	100
CELL_064	TTCCCCGCTACGATGC	TE_003	chr20:21368796-21369075(-)	Alu	SINE	100
CELL_065	TTTGCACAAATTCTAC	TE_003	chr20:21368796-21369075(-)	Alu	SINE	100
CELL_066	CGCATTGATCGTGGAT	TE_003	chr20:21368796-21369075(-)	Alu	SINE	100
CELL_067	TACTAGTTTTGATGGC	TE_003	chr20:21368796-21369075(-)	Alu	SINE	100
CELL_068	ATGGGTAATGGTGGAG	TE_003	chr20:21368796-21369075(-)	Alu	SINE	100
CELL_069	CCAAACATCCAGCTAG	TE_003	chr20:21368796-21369075(-)	Alu	SINE	100
CELL_070	CAGCTGCAAGCTTTGC	TE_003	chr20:21368796-21369075(-)	Alu	SINE	100
CELL_071	CTACGTGGAGTCTCTG	TE_003	chr20:21368796-21369075(-)	Alu	SINE	100
CELL_072	TGAAATTCAGAGATAC	TE_003	chr20:21368796-21369075(-)	Alu	SINE	100
CELL_073	GCAGCTAATGGCCCCG	TE_003	chr20:21368796-21369075(-)	Alu	SINE	100
CELL_074	CTTAACGGGTGCATCG	TE_003	chr20:21368796-21369075(-)	Alu	SINE	100
CELL_075	GCACAGCCTCGTGCAG	TE_003	chr20:21368796-21369075(-)	Alu	SINE	100
CELL_076	CCCTCACAAATTTCCG	TE_003	chr20:21368796-21369075(-)	Alu	SINE	100
CELL_077	CCATCAGTGATTCAGT	TE_003	chr20:21368796-21369075(-)	Alu	SINE	100
CELL_078	ATTGTTTCACCGCAGT	TE_003	chr20:21368796-21369075(-)	Alu	SINE	100
CELL_079	TACCGTGAAGTGCCGC	TE_003	chr20:21368796-21369075(-)	Alu	SINE	100
CELL_080	CATATACACAGGTTCA	TE_003	chr20:21368796-21369075(-)	Alu	SINE	100
CELL_081	TGCTAGAGAAACTGCC	TE_003	chr20:21368796-21369075(-)	Alu	SINE	100
CELL_082	ACCCGGGCTTGCCAAC	TE_003	chr20:21368796-21369075(-)	Alu	SINE	100
CELL_083	CGGCAACGTGGCGTTG	TE_003	chr20:21368796-21369075(-)	Alu	SINE	100
CELL_084	ATTGACAGAGCTTCTT	TE_003	chr20:21368796-21369075(-)	Alu	SINE	100
CELL_085	AAGCCGCTGATGTCCA	TE_003	chr20:21368796-21369075(-)	Alu	SINE	100
CELL_086	AAAACTGAGTTAGTTC	TE_003	chr20:21368796-21369075(-)	Alu	SINE	100
CELL_087	GAGATAGTTGGATGTC	TE_003	chr20:21368796-21369075(-)	Alu	SINE	100
CELL_088	GCACTAGAGGGAACAG	TE_003	chr20:21368796-21369075(-)	Alu	SINE	100
CELL_089	CCATAGGACCGATACA	TE_003	chr20:21368796-21369075(-)	Alu	SINE	100
CELL_090	GACAGTTCAATGGCGG	TE_003	chr20:21368796-21369075(-)	Alu	SINE	100
CELL_091	ATGCCCGCACCTGTAT	TE_003	chr20:21368796-21369075(-)	Alu	SINE	100
CELL_092	ACACCTAGTATGTAAA	TE_003	chr20:21368796-21369075(-)	Alu	SINE	100
CELL_093	AATTGAATACGAGAGG	TE_003	chr20:21368796-21369075(-)	Alu	SINE	100
CELL_094	GGCACCCTTTTGCCCT	TE_003	chr20:21368796-21369075(-)	Alu	SINE	100
CELL_095	CCCACTGTCTATTCCA	TE_003	chr20:21368796-21369075(-)	Alu	SINE	100
CELL_096	GGTCGCCGAATATGTC	TE_003	chr20:21368796-21369075(-)	Alu	SINE	100
CELL_097	CCGACTTCGACCCGTT	TE_003	chr20:21368796-21369075(-)	Alu	SINE	100
CELL_098	TGGTAGGCCAGGGGCC	TE_003	chr20:21368796-21369075(-)	Alu	SINE	100
CELL_099	TGGGCTAAACACGGCC	TE_003	chr20:21368796-21369075(-)	Alu	SINE	100
CELL_100	TTCCCGATTGCCATGA	TE_003	chr20:21368796-21369075(-)	Alu	SINE	100
CELL_001	AAAACTCCATGTGTAA	TE_004	chr12:49781409-49781668(-)	Alu	SINE	100
CELL_002	CTCCGGAAGTAGAATC	TE_004	chr12:49781409-49781668(-)	Alu	SINE	100
CELL_003	TTGCACTCGGCCTTTC	TE_004	chr12:49781409-49781668(-)	Alu	SINE	100
CELL_004	CATATCTCGTGAACCC	TE_004	chr12:49781409-49781668(-)	Alu	SINE	100
CELL_005	CCTGCACGCCCTAAAG	TE_004	chr12:49781409-49781668(-)	Alu	SINE	100
CELL_006	TACAATTAGGATATTC	TE_004	chr12:49781409-49781668(-)	Alu	SINE	100
CELL_007	ATCCCTACACTGTATA	TE_004	chr12:49781409-49781668(-)	Alu	SINE	100
CELL_008	TGCCGAACGTTCTAAT	TE_004	chr12:49781409-49781668(-)	Alu	SINE	100
CELL_009	AAACGACTTAGCAACA	TE_004	chr12:49781409-49781668(-)	Alu	SINE	100
CELL_010	AGTCGCCTAGAAAGGT	TE_004	chr12:49781409-49781668(-)	Alu	SINE	100
CELL_011	ACCGCTGGCATATCAC	TE_004	chr12:49781409-49781668(-)	Alu	SINE	100
CELL_012	GCCTCCCGCTTGCCGT	TE_004	chr12:49781409-49781668(-)	Alu	SINE	100
CELL_013	CTTCAACTTCATGACC	TE_004	chr12:49781409-49781668(-)	Alu	SINE	100
CELL_014	CTCGTGCATCACAAAG	TE_004	chr12:49781409-49781668(-)	Alu	SINE	100
CELL_015	CCTCAAGCCGGAGTCT	TE_004	chr12:49781409-49781668(-)	Alu	SINE	100
CELL_016	AGGCTTTGAAACAGCT	TE_004	chr12:49781409-49781668(-)	Alu	SINE	100
CELL_017	GAATAAATCGTGTGAA	TE_004	chr12:49781409-49781668(-)	Alu	SINE	100
CELL_018	TACGTGAGTCGTCGGA	TE_004	chr12:49781409-49781668(-)	Alu	SINE	100
CELL_019	AAGCAGTTGAATATCT	TE_004	chr12:49781409-49781668(-)	Alu	SINE	100
CELL_020	AACGACCCCTGCGCAA	TE_004	chr12:49781409-49781668(-)	Alu	SINE	100
CELL_021	GGACACACTAGTCGCC	TE_004	chr12:49781409-49781668(-)	Alu	SINE	100
CELL_022	CTTGAGAGCACTCCAG	TE_004	chr12:49781409-49781668(-)	Alu	SINE	100
CELL_023	TCCAGGCGAGGTATCC	TE_004	chr12:49781409-49781668(-)	Alu	SINE	100
CELL_024	ACGACGATACGACTCG	TE_004	chr12:49781409-49781668(-)	Alu	SINE	100
CELL_025	GCTAGCAAACGCGCGG	TE_004	chr12:49781409-49781668(-)	Alu	SINE	100
CELL_026	TTTATCTATGCAGCTA	TE_004	chr12:49781409-49781668(-)	Alu	SINE	100
CELL_027	ATATCCTTAGTAGTCG	TE_004	chr12:49781409-49781668(-)	Alu	SINE	100
CELL_028	ACCCCTGAGATGACCG	TE_004	chr12:49781409-49781668(-)	Alu	SINE	100
CELL_029	GTCATCAGGCGGCATC	TE_004	chr12:49781409-49781668(-)	Alu	SINE	100
CELL_030	CGACGCACCAACGGCT	TE_004	chr12:49781409-49781668(-)	Alu	SINE	100
CELL_031	CCTACAGACTCGTGCT	TE_004	chr12:49781409-49781668(-)	Alu	SINE	100
CELL_032	ACCGGACCATGCGACT	TE_004	chr12:49781409-49781668(-)	Alu	SINE	100
CELL_033	CGAACATCAGATGGAC	TE_004	chr12:49781409-49781668(-)	Alu	SINE	100
CELL_034	AGACCTCGTAATAGCC	TE_004	chr12:49781409-49781668(-)	Alu	SINE	100
CELL_035	GGGCCATGTAACACTG	TE_004	chr12:49781409-49781668(-)	Alu	SINE	100
CELL_036	ATGTCTCCGGGCAGCT	TE_004	chr12:49781409-49781668(-)	Alu	SINE	100
CELL_037	CATGACGAGCACCAGA	TE_004	chr12:49781409-49781668(-)	Alu	SINE	100
CELL_038	CCCGAGAGTTCCTGTT	TE_004	chr12:49781409-49781668(-)	Alu	SINE	100
CELL_039	AGTTTTGGTTAGGCAC	TE_004	chr12:49781409-49781668(-)	Alu	SINE	100
CELL_040	GGAACGCTATCGAGCG	TE_004	chr12:49781409-49781668(-)	Alu	SINE	100
CELL_041	CGTAAGCGCCAACCCG	TE_004	chr12:49781409-49781668(-)	Alu	SINE	100
CELL_042	CATTTACGAAGTACCC	TE_004	chr12:49781409-49781668(-)	Alu	SINE	100
CELL_043	ATCGTATGTAATAAGA	TE_004	chr12:49781409-49781668(-)	Alu	SINE	100
CELL_044	CCTCGAGTACGTCGGG	TE_004	chr12:49781409-49781668(-)	Alu	SINE	100
CELL_045	ACGTTGGCTGTGATGT	TE_004	chr12:49781409-49781668(-)	Alu	SINE	100
CELL_046	TTTGATGAGCGAAGTT	TE_004	chr12:49781409-49781668(-)	Alu	SINE	100
CELL_047	CGACGTTGCCGATGTT	TE_004	chr12:49781409-49781668(-)	Alu	SINE	100
CELL_048	TACCCTAAGGGAGACG	TE_004	chr12:49781409-49781668(-)	Alu	SINE	100
CELL_049	ACATCATCGCACGACT	TE_004	chr12:49781409-49781668(-)	Alu	SINE	100
CELL_050	CGTCATTTGCATCATC	TE_004	chr12:49781409-49781668(-)	Alu	SINE	100
CELL_051	TCCACTGCCCCGATGT	TE_004	chr12:49781409-49781668(-)	Alu	SINE	100
CELL_052	CTGCTATGGACGGCTT	TE_004	chr12:49781409-49781668(-)	Alu	SINE	100
CELL_053	CACCTGATGTGGAGCG	TE_004	chr12:49781409-49781668(-)	Alu	SINE	100
CELL_054	AGGGTACTGATAGATA	TE_004	chr12:49781409-49781668(-)	Alu	SINE	100
CELL_055	TACGACAATGCACGTA	TE_004	chr12:49781409-49781668(-)	Alu	SINE	100
CELL_056	GTCTCGATACGTCATT	TE_004	chr12:49781409-49781668(-)	Alu	SINE	100
CELL_057	GGTACGAACAGTTCGT	TE_004	chr12:49781409-49781668(-)	Alu	SINE	100
CELL_058	ATTCCCCATGTCTGGA	TE_004	chr12:49781409-49781668(-)	Alu	SINE	100
CELL_059	CCGACGTTAAGCTCAT	TE_004	chr12:49781409-49781668(-)	Alu	SINE	100
CELL_060	GTCTCAGGACGGAGAA	TE_004	chr12:49781409-49781668(-)	Alu	SINE	100
CELL_061	TGCAGCCCAACAGCTT	TE_004	chr12:49781409-49781668(-)	Alu	SINE	100
CELL_062	GGCCGGATCAAGCAGG	TE_004	chr12:49781409-49781668(-)	Alu	SINE	100
CELL_063	ATGAGAGGCACTTACT	TE_004	chr12:49781409-49781668(-)	Alu	SINE	100
CELL_064	TTCCCCGCTACGATGC	TE_004	chr12:49781409-49781668(-)	Alu	SINE	100
CELL_065	TTTGCACAAATTCTAC	TE_004	chr12:49781409-49781668(-)	Alu	SINE	100
CELL_066	CGCATTGATCGTGGAT	TE_004	chr12:49781409-49781668(-)	Alu	SINE	100
CELL_067	TACTAGTTTTGATGGC	TE_004	chr12:49781409-49781668(-)	Alu	SINE	100
CELL_068	ATGGGTAATGGTGGAG	TE_004	chr12:49781409-49781668(-)	Alu	SINE	100
CELL_069	CCAAACATCCAGCTAG	TE_004	chr12:49781409-49781668(-)	Alu	SINE	100
CELL_070	CAGCTGCAAGCTTTGC	TE_004	chr12:49781409-49781668(-)	Alu	SINE	100
CELL_071	CTACGTGGAGTCTCTG	TE_004	chr12:49781409-49781668(-)	Alu	SINE	100
CELL_072	TGAAATTCAGAGATAC	TE_004	chr12:49781409-49781668(-)	Alu	SINE	100
CELL_073	GCAGCTAATGGCCCCG	TE_004	chr12:49781409-49781668(-)	Alu	SINE	100
CELL_074	CTTAACGGGTGCATCG	TE_004	chr12:49781409-49781668(-)	Alu	SINE	100
CELL_075	GCACAGCCTCGTGCAG	TE_004	chr12:49781409-49781668(-)	Alu	SINE	100
CELL_076	CCCTCACAAATTTCCG	TE_004	chr12:49781409-49781668(-)	Alu	SINE	100
CELL_077	CCATCAGTGATTCAGT	TE_004	chr12:49781409-49781668(-)	Alu	SINE	100
CELL_078	ATTGTTTCACCGCAGT	TE_004	chr12:49781409-49781668(-)	Alu	SINE	100
CELL_079	TACCGTGAAGTGCCGC	TE_004	chr12:49781409-49781668(-)	Alu	SINE	100
CELL_080	CATATACACAGGTTCA	TE_004	chr12:49781409-49781668(-)	Alu	SINE	100
CELL_081	TGCTAGAGAAACTGCC	TE_004	chr12:49781409-49781668(-)	Alu	SINE	100
CELL_082	ACCCGGGCTTGCCAAC	TE_004	chr12:49781409-49781668(-)	Alu	SINE	100
CELL_083	CGGCAACGTGGCGTTG	TE_004	chr12:49781409-49781668(-)	Alu	SINE	100
CELL_084	ATTGACAGAGCTTCTT	TE_004	chr12:49781409-49781668(-)	Alu	SINE	100
CELL_085	AAGCCGCTGATGTCCA	TE_004	chr12:49781409-49781668(-)	Alu	SINE	100
CELL_086	AAAACTGAGTTAGTTC	TE_004	chr12:49781409-49781668(-)	Alu	SINE	100
CELL_087	GAGATAGTTGGATGTC	TE_004	chr12:49781409-49781668(-)	Alu	SINE	100
CELL_088	GCACTAGAGGGAACAG	TE_004	chr12:49781409-49781668(-)	Alu	SINE	100
CELL_089	CCATAGGACCGATACA	TE_004	chr12:49781409-49781668(-)	Alu	SINE	100
CELL_090	GACAGTTCAATGGCGG	TE_004	chr12:49781409-49781668(-)	Alu	SINE	100
CELL_091	ATGCCCGCACCTGTAT	TE_004	chr12:49781409-49781668(-)	Alu	SINE	100
CELL_092	ACACCTAGTATGTAAA	TE_004	chr12:49781409-49781668(-)	Alu	SINE	100
CELL_093	AATTGAATACGAGAGG	TE_004	chr12:49781409-49781668(-)	Alu	SINE	100
CELL_094	GGCACCCTTTTGCCCT	TE_004	chr12:49781409-49781668(-)	Alu	SINE	100
CELL_095	CCCACTGTCTATTCCA	TE_004	chr12:49781409-49781668(-)	Alu	SINE	100
CELL_096	GGTCGCCGAATATGTC	TE_004	chr12:49781409-49781668(-)	Alu	SINE	100
CELL_097	CCGACTTCGACCCGTT	TE_004	chr12:49781409-49781668(-)	Alu	SINE	100
CELL_098	TGGTAGGCCAGGGGCC	TE_004	chr12:49781409-49781668(-)	Alu	SINE	100
CELL_099	TGGGCTAAACACGGCC	TE_004	chr12:49781409-49781668(-)	Alu	SINE	100
CELL_100	TTCCCGATTGCCATGA	TE_004	chr12:49781409-49781668(-)	Alu	SINE	100
CELL_001	AAAACTCCATGTGTAA	TE_005	chr6:35441455-35441750(-)	Alu	SINE	100
CELL_002	CTCCGGAAGTAGAATC	TE_005	chr6:35441455-35441750(-)	Alu	SINE	100
CELL_003	TTGCACTCGGCCTTTC	TE_005	chr6:35441455-35441750(-)	Alu	SINE	100
CELL_004	CATATCTCGTGAACCC	TE_005	chr6:35441455-35441750(-)	Alu	SINE	100
CELL_005	CCTGCACGCCCTAAAG	TE_005	chr6:35441455-35441750(-)	Alu	SINE	100
CELL_006	TACAATTAGGATATTC	TE_005	chr6:35441455-35441750(-)	Alu	SINE	100
CELL_007	ATCCCTACACTGTATA	TE_005	chr6:35441455-35441750(-)	Alu	SINE	100
CELL_008	TGCCGAACGTTCTAAT	TE_005	chr6:35441455-35441750(-)	Alu	SINE	100
CELL_009	AAACGACTTAGCAACA	TE_005	chr6:35441455-35441750(-)	Alu	SINE	100
CELL_010	AGTCGCCTAGAAAGGT	TE_005	chr6:35441455-35441750(-)	Alu	SINE	100
CELL_011	ACCGCTGGCATATCAC	TE_005	chr6:35441455-35441750(-)	Alu	SINE	100
CELL_012	GCCTCCCGCTTGCCGT	TE_005	chr6:35441455-35441750(-)	Alu	SINE	100
CELL_013	CTTCAACTTCATGACC	TE_005	chr6:35441455-35441750(-)	Alu	SINE	100
CELL_014	CTCGTGCATCACAAAG	TE_005	chr6:35441455-35441750(-)	Alu	SINE	100
CELL_015	CCTCAAGCCGGAGTCT	TE_005	chr6:35441455-35441750(-)	Alu	SINE	100
CELL_016	AGGCTTTGAAACAGCT	TE_005	chr6:35441455-35441750(-)	Alu	SINE	100
CELL_017	GAATAAATCGTGTGAA	TE_005	chr6:35441455-35441750(-)	Alu	SINE	100
CELL_018	TACGTGAGTCGTCGGA	TE_005	chr6:35441455-35441750(-)	Alu	SINE	100
CELL_019	AAGCAGTTGAATATCT	TE_005	chr6:35441455-35441750(-)	Alu	SINE	100
CELL_020	AACGACCCCTGCGCAA	TE_005	chr6:35441455-35441750(-)	Alu	SINE	100
CELL_021	GGACACACTAGTCGCC	TE_005	chr6:35441455-35441750(-)	Alu	SINE	100
CELL_022	CTTGAGAGCACTCCAG	TE_005	chr6:35441455-35441750(-)	Alu	SINE	100
CELL_023	TCCAGGCGAGGTATCC	TE_005	chr6:35441455-35441750(-)	Alu	SINE	100
CELL_024	ACGACGATACGACTCG	TE_005	chr6:35441455-35441750(-)	Alu	SINE	100
CELL_025	GCTAGCAAACGCGCGG	TE_005	chr6:35441455-35441750(-)	Alu	SINE	100
CELL_026	TTTATCTATGCAGCTA	TE_005	chr6:35441455-35441750(-)	Alu	SINE	100
CELL_027	ATATCCTTAGTAGTCG	TE_005	chr6:35441455-35441750(-)	Alu	SINE	100
CELL_028	ACCCCTGAGATGACCG	TE_005	chr6:35441455-35441750(-)	Alu	SINE	100
CELL_029	GTCATCAGGCGGCATC	TE_005	chr6:35441455-35441750(-)	Alu	SINE	100
CELL_030	CGACGCACCAACGGCT	TE_005	chr6:35441455-35441750(-)	Alu	SINE	100
CELL_031	CCTACAGACTCGTGCT	TE_005	chr6:35441455-35441750(-)	Alu	SINE	100
CELL_032	ACCGGACCATGCGACT	TE_005	chr6:35441455-35441750(-)	Alu	SINE	100
CELL_033	CGAACATCAGATGGAC	TE_005	chr6:35441455-35441750(-)	Alu	SINE	100
CELL_034	AGACCTCGTAATAGCC	TE_005	chr6:35441455-35441750(-)	Alu	SINE	100
CELL_035	GGGCCATGTAACACTG	TE_005	chr6:35441455-35441750(-)	Alu	SINE	100
CELL_036	ATGTCTCCGGGCAGCT	TE_005	chr6:35441455-35441750(-)	Alu	SINE	100
CELL_037	CATGACGAGCACCAGA	TE_005	chr6:35441455-35441750(-)	Alu	SINE	100
CELL_038	CCCGAGAGTTCCTGTT	TE_005	chr6:35441455-35441750(-)	Alu	SINE	100
CELL_039	AGTTTTGGTTAGGCAC	TE_005	chr6:35441455-35441750(-)	Alu	SINE	100
CELL_040	GGAACGCTATCGAGCG	TE_005	chr6:35441455-35441750(-)	Alu	SINE	100
CELL_041	CGTAAGCGCCAACCCG	TE_005	chr6:35441455-35441750(-)	Alu	SINE	100
CELL_042	CATTTACGAAGTACCC	TE_005	chr6:35441455-35441750(-)	Alu	SINE	100
CELL_043	ATCGTATGTAATAAGA	TE_005	chr6:35441455-35441750(-)	Alu	SINE	100
CELL_044	CCTCGAGTACGTCGGG	TE_005	chr6:35441455-35441750(-)	Alu	SINE	100
CELL_045	ACGTTGGCTGTGATGT	TE_005	chr6:35441455-35441750(-)	Alu	SINE	100
CELL_046	TTTGATGAGCGAAGTT	TE_005	chr6:35441455-35441750(-)	Alu	SINE	100
CELL_047	CGACGTTGCCGATGTT	TE_005	chr6:35441455-35441750(-)	Alu	SINE	100
CELL_048	TACCCTAAGGGAGACG	TE_005	chr6:35441455-35441750(-)	Alu	SINE	100
CELL_049	ACATCATCGCACGACT	TE_005	chr6:35441455-35441750(-)	Alu	SINE	100
CELL_050	CGTCATTTGCATCATC	TE_005	chr6:35441455-35441750(-)	Alu	SINE	100
CELL_051	TCCACTGCCCCGATGT	TE_005	chr6:35441455-35441750(-)	Alu	SINE	100
CELL_052	CTGCTATGGACGGCTT	TE_005	chr6:35441455-35441750(-)	Alu	SINE	100
CELL_053	CACCTGATGTGGAGCG	TE_005	chr6:35441455-35441750(-)	Alu	SINE	100
CELL_054	AGGGTACTGATAGATA	TE_005	chr6:35441455-35441750(-)	Alu	SINE	100
CELL_055	TACGACAATGCACGTA	TE_005	chr6:35441455-35441750(-)	Alu	SINE	100
CELL_056	GTCTCGATACGTCATT	TE_005	chr6:35441455-35441750(-)	Alu	SINE	100
CELL_057	GGTACGAACAGTTCGT	TE_005	chr6:35441455-35441750(-)	Alu	SINE	100
CELL_058	ATTCCCCATGTCTGGA	TE_005	chr6:35441455-35441750(-)	Alu	SINE	100
CELL_059	CCGACGTTAAGCTCAT	TE_005	chr6:35441455-35441750(-)	Alu	SINE	100
CELL_060	GTCTCAGGACGGAGAA	TE_005	chr6:35441455-35441750(-)	Alu	SINE	100
CELL_061	TGCAGCCCAACAGCTT	TE_005	chr6:35441455-35441750(-)	Alu	SINE	100
CELL_062	GGCCGGATCAAGCAGG	TE_005	chr6:35441455-35441750(-)	Alu	SINE	100
CELL_063	ATGAGAGGCACTTACT	TE_005	chr6:35441455-35441750(-)	Alu	SINE	100
CELL_064	TTCCCCGCTACGATGC	TE_005	chr6:35441455-35441750(-)	Alu	SINE	100
CELL_065	TTTGCACAAATTCTAC	TE_005	chr6:35441455-35441750(-)	Alu	SINE	100
CELL_066	CGCATTGATCGTGGAT	TE_005	chr6:35441455-35441750(-)	Alu	SINE	100
CELL_067	TACTAGTTTTGATGGC	TE_005	chr6:35441455-35441750(-)	Alu	SINE	100
CELL_068	ATGGGTAATGGTGGAG	TE_005	chr6:35441455-35441750(-)	Alu	SINE	100
CELL_069	CCAAACATCCAGCTAG	TE_005	chr6:35441455-35441750(-)	Alu	SINE	100
CELL_070	CAGCTGCAAGCTTTGC	TE_005	chr6:35441455-35441750(-)	Alu	SINE	100
CELL_071	CTACGTGGAGTCTCTG	TE_005	chr6:35441455-35441750(-)	Alu	SINE	100
CELL_072	TGAAATTCAGAGATAC	TE_005	chr6:35441455-35441750(-)	Alu	SINE	100
CELL_073	GCAGCTAATGGCCCCG	TE_005	chr6:35441455-35441750(-)	Alu	SINE	100
CELL_074	CTTAACGGGTGCATCG	TE_005	chr6:35441455-35441750(-)	Alu	SINE	100
CELL_075	GCACAGCCTCGTGCAG	TE_005	chr6:35441455-35441750(-)	Alu	SINE	100
CELL_076	CCCTCACAAATTTCCG	TE_005	chr6:35441455-35441750(-)	Alu	SINE	100
CELL_077	CCATCAGTGATTCAGT	TE_005	chr6:35441455-35441750(-)	Alu	SINE	100
CELL_078	ATTGTTTCACCGCAGT	TE_005	chr6:35441455-35441750(-)	Alu	SINE	100
CELL_079	TACCGTGAAGTGCCGC	TE_005	chr6:35441455-35441750(-)	Alu	SINE	100
CELL_080	CATATACACAGGTTCA	TE_005	chr6:35441455-35441750(-)	Alu	SINE	100
CELL_081	TGCTAGAGAAACTGCC	TE_005	chr6:35441455-35441750(-)	Alu	SINE	100
CELL_082	ACCCGGGCTTGCCAAC	TE_005	chr6:35441455-35441750(-)	Alu	SINE	100
CELL_083	CGGCAACGTGGCGTTG	TE_005	chr6:35441455-35441750(-)	Alu	SINE	100
CELL_084	ATTGACAGAGCTTCTT	TE_005	chr6:35441455-35441750(-)	Alu	SINE	100
CELL_085	AAGCCGCTGATGTCCA	TE_005	chr6:35441455-35441750(-)	Alu	SINE	100
CELL_086	AAAACTGAGTTAGTTC	TE_005	chr6:35441455-35441750(-)	Alu	SINE	100
CELL_087	GAGATAGTTGGATGTC	TE_005	chr6:35441455-35441750(-)	Alu	SINE	100
CELL_088	GCACTAGAGGGAACAG	TE_005	chr6:35441455-35441750(-)	Alu	SINE	100
CELL_089	CCATAGGACCGATACA	TE_005	chr6:35441455-35441750(-)	Alu	SINE	100
CELL_090	GACAGTTCAATGGCGG	TE_005	chr6:35441455-35441750(-)	Alu	SINE	100
CELL_091	ATGCCCGCACCTGTAT	TE_005	chr6:35441455-35441750(-)	Alu	SINE	100
CELL_092	ACACCTAGTATGTAAA	TE_005	chr6:35441455-35441750(-)	Alu	SINE	100
CELL_093	AATTGAATACGAGAGG	TE_005	chr6:35441455-35441750(-)	Alu	SINE	100
CELL_094	GGCACCCTTTTGCCCT	TE_005	chr6:35441455-35441750(-)	Alu	SINE	100
CELL_095	CCCACTGTCTATTCCA	TE_005	chr6:35441455-35441750(-)	Alu	SINE	100
CELL_096	GGTCGCCGAATATGTC	TE_005	chr6:35441455-35441750(-)	Alu	SINE	100
CELL_097	CCGACTTCGACCCGTT	TE_005	chr6:35441455-35441750(-)	Alu	SINE	100
CELL_098	TGGTAGGCCAGGGGCC	TE_005	chr6:35441455-35441750(-)	Alu	SINE	100
CELL_099	TGGGCTAAACACGGCC	TE_005	chr6:35441455-35441750(-)	Alu	SINE	100
CELL_100	TTCCCGATTGCCATGA	TE_005	chr6:35441455-35441750(-)	Alu	SINE	100
CELL_001	AAAACTCCATGTGTAA	TE_006	chr6:100191040-100191486(+)	L2	LINE	100
CELL_002	CTCCGGAAGTAGAATC	TE_006	chr6:100191040-100191486(+)	L2	LINE	100
CELL_003	TTGCACTCGGCCTTTC	TE_006	chr6:100191040-100191486(+)	L2	LINE	100
CELL_004	CATATCTCGTGAACCC	TE_006	chr6:100191040-100191486(+)	L2	LINE	100
CELL_005	CCTGCACGCCCTAAAG	TE_006	chr6:100191040-100191486(+)	L2	LINE	100
CELL_006	TACAATTAGGATATTC	TE_006	chr6:100191040-100191486(+)	L2	LINE	100
CELL_007	ATCCCTACACTGTATA	TE_006	chr6:100191040-100191486(+)	L2	LINE	100
CELL_008	TGCCGAACGTTCTAAT	TE_006	chr6:100191040-100191486(+)	L2	LINE	100
CELL_009	AAACGACTTAGCAACA	TE_006	chr6:100191040-100191486(+)	L2	LINE	100
CELL_010	AGTCGCCTAGAAAGGT	TE_006	chr6:100191040-100191486(+)	L2	LINE	100
CELL_011	ACCGCTGGCATATCAC	TE_006	chr6:100191040-100191486(+)	L2	LINE	100
CELL_012	GCCTCCCGCTTGCCGT	TE_006	chr6:100191040-100191486(+)	L2	LINE	100
CELL_013	CTTCAACTTCATGACC	TE_006	chr6:100191040-100191486(+)	L2	LINE	100
CELL_014	CTCGTGCATCACAAAG	TE_006	chr6:100191040-100191486(+)	L2	LINE	100
CELL_015	CCTCAAGCCGGAGTCT	TE_006	chr6:100191040-100191486(+)	L2	LINE	100
CELL_016	AGGCTTTGAAACAGCT	TE_006	chr6:100191040-100191486(+)	L2	LINE	100
CELL_017	GAATAAATCGTGTGAA	TE_006	chr6:100191040-100191486(+)	L2	LINE	100
CELL_018	TACGTGAGTCGTCGGA	TE_006	chr6:100191040-100191486(+)	L2	LINE	100
CELL_019	AAGCAGTTGAATATCT	TE_006	chr6:100191040-100191486(+)	L2	LINE	100
CELL_020	AACGACCCCTGCGCAA	TE_006	chr6:100191040-100191486(+)	L2	LINE	100
CELL_021	GGACACACTAGTCGCC	TE_006	chr6:100191040-100191486(+)	L2	LINE	100
CELL_022	CTTGAGAGCACTCCAG	TE_006	chr6:100191040-100191486(+)	L2	LINE	100
CELL_023	TCCAGGCGAGGTATCC	TE_006	chr6:100191040-100191486(+)	L2	LINE	100
CELL_024	ACGACGATACGACTCG	TE_006	chr6:100191040-100191486(+)	L2	LINE	100
CELL_025	GCTAGCAAACGCGCGG	TE_006	chr6:100191040-100191486(+)	L2	LINE	100
CELL_026	TTTATCTATGCAGCTA	TE_006	chr6:100191040-100191486(+)	L2	LINE	100
CELL_027	ATATCCTTAGTAGTCG	TE_006	chr6:100191040-100191486(+)	L2	LINE	100
CELL_028	ACCCCTGAGATGACCG	TE_006	chr6:100191040-100191486(+)	L2	LINE	100
CELL_029	GTCATCAGGCGGCATC	TE_006	chr6:100191040-100191486(+)	L2	LINE	100
CELL_030	CGACGCACCAACGGCT	TE_006	chr6:100191040-100191486(+)	L2	LINE	100
CELL_031	CCTACAGACTCGTGCT	TE_006	chr6:100191040-100191486(+)	L2	LINE	100
CELL_032	ACCGGACCATGCGACT	TE_006	chr6:100191040-100191486(+)	L2	LINE	100
CELL_033	CGAACATCAGATGGAC	TE_006	chr6:100191040-100191486(+)	L2	LINE	100
CELL_034	AGACCTCGTAATAGCC	TE_006	chr6:100191040-100191486(+)	L2	LINE	100
CELL_035	GGGCCATGTAACACTG	TE_006	chr6:100191040-100191486(+)	L2	LINE	100
CELL_036	ATGTCTCCGGGCAGCT	TE_006	chr6:100191040-100191486(+)	L2	LINE	100
CELL_037	CATGACGAGCACCAGA	TE_006	chr6:100191040-100191486(+)	L2	LINE	100
CELL_038	CCCGAGAGTTCCTGTT	TE_006	chr6:100191040-100191486(+)	L2	LINE	100
CELL_039	AGTTTTGGTTAGGCAC	TE_006	chr6:100191040-100191486(+)	L2	LINE	100
CELL_040	GGAACGCTATCGAGCG	TE_006	chr6:100191040-100191486(+)	L2	LINE	100
CELL_041	CGTAAGCGCCAACCCG	TE_006	chr6:100191040-100191486(+)	L2	LINE	100
CELL_042	CATTTACGAAGTACCC	TE_006	chr6:100191040-100191486(+)	L2	LINE	100
CELL_043	ATCGTATGTAATAAGA	TE_006	chr6:100191040-100191486(+)	L2	LINE	100
CELL_044	CCTCGAGTACGTCGGG	TE_006	chr6:100191040-100191486(+)	L2	LINE	100
CELL_045	ACGTTGGCTGTGATGT	TE_006	chr6:100191040-100191486(+)	L2	LINE	100
CELL_046	TTTGATGAGCGAAGTT	TE_006	chr6:100191040-100191486(+)	L2	LINE	100
CELL_047	CGACGTTGCCGATGTT	TE_006	chr6:100191040-100191486(+)	L2	LINE	100
CELL_048	TACCCTAAGGGAGACG	TE_006	chr6:100191040-100191486(+)	L2	LINE	100
CELL_049	ACATCATCGCACGACT	TE_006	chr6:100191040-100191486(+)	L2	LINE	100
CELL_050	CGTCATTTGCATCATC	TE_006	chr6:100191040-100191486(+)	L2	LINE	100
CELL_051	TCCACTGCCCCGATGT	TE_006	chr6:100191040-100191486(+)	L2	LINE	100
CELL_052	CTGCTATGGACGGCTT	TE_006	chr6:100191040-100191486(+)	L2	LINE	100
CELL_053	CACCTGATGTGGAGCG	TE_006	chr6:100191040-100191486(+)	L2	LINE	100
CELL_054	AGGGTACTGATAGATA	TE_006	chr6:100191040-100191486(+)	L2	LINE	100
CELL_055	TACGACAATGCACGTA	TE_006	chr6:100191040-100191486(+)	L2	LINE	100
CELL_056	GTCTCGATACGTCATT	TE_006	chr6:100191040-100191486(+)	L2	LINE	100
CELL_057	GGTACGAACAGTTCGT	TE_006	chr6:100191040-100191486(+)	L2	LINE	100
CELL_058	ATTCCCCATGTCTGGA	TE_006	chr6:100191040-100191486(+)	L2	LINE	100
CELL_059	CCGACGTTAAGCTCAT	TE_006	chr6:100191040-100191486(+)	L2	LINE	100
CELL_060	GTCTCAGGACGGAGAA	TE_006	chr6:100191040-100191486(+)	L2	LINE	100
CELL_061	TGCAGCCCAACAGCTT	TE_006	chr6:100191040-100191486(+)	L2	LINE	100
CELL_062	GGCCGGATCAAGCAGG	TE_006	chr6:100191040-100191486(+)	L2	LINE	100
CELL_063	ATGAGAGGCACTTACT	TE_006	chr6:100191040-100191486(+)	L2	LINE	100
CELL_064	TTCCCCGCTACGATGC	TE_006	chr6:100191040-100191486(+)	L2	LINE	100
CELL_065	TTTGCACAAATTCTAC	TE_006	chr6:100191040-100191486(+)	L2	LINE	100
CELL_066	CGCATTGATCGTGGAT	TE_006	chr6:100191040-100191486(+)	L2	LINE	100
CELL_067	TACTAGTTTTGATGGC	TE_006	chr6:100191040-100191486(+)	L2	LINE	100
CELL_068	ATGGGTAATGGTGGAG	TE_006	chr6:100191040-100191486(+)	L2	LINE	100
CELL_069	CCAAACATCCAGCTAG	TE_006	chr6:100191040-100191486(+)	L2	LINE	100
CELL_070	CAGCTGCAAGCTTTGC	TE_006	chr6:100191040-100191486(+)	L2	LINE	100
CELL_071	CTACGTGGAGTCTCTG	TE_006	chr6:100191040-100191486(+)	L2	LINE	100
CELL_072	TGAAATTCAGAGATAC	TE_006	chr6:100191040-100191486(+)	L2	LINE	100
CELL_073	GCAGCTAATGGCCCCG	TE_006	chr6:100191040-100191486(+)	L2	LINE	100
CELL_074	CTTAACGGGTGCATCG	TE_006	chr6:100191040-100191486(+)	L2	LINE	100
CELL_075	GCACAGCCTCGTGCAG	TE_006	chr6:100191040-100191486(+)	L2	LINE	100
CELL_076	CCCTCACAAATTTCCG	TE_006	chr6:100191040-100191486(+)	L2	LINE	100
CELL_077	CCATCAGTGATTCAGT	TE_006	chr6:100191040-100191486(+)	L2	LINE	100
CELL_078	ATTGTTTCACCGCAGT	TE_006	chr6:100191040-100191486(+)	L2	LINE	100
CELL_079	TACCGTGAAGTGCCGC	TE_006	chr6:100191040-100191486(+)	L2	LINE	100
CELL_080	CATATACACAGGTTCA	TE_006	chr6:100191040-100191486(+)	L2	LINE	100
CELL_081	TGCTAGAGAAACTGCC	TE_006	chr6:100191040-100191486(+)	L2	LINE	100
CELL_082	ACCCGGGCTTGCCAAC	TE_006	chr6:100191040-100191486(+)	L2	LINE	100
CELL_083	CGGCAACGTGGCGTTG	TE_006	chr6:100191040-100191486(+)	L2	LINE	100
CELL_084	ATTGACAGAGCTTCTT	TE_006	chr6:100191040-100191486(+)	L2	LINE	100
CELL_085	AAGCCGCTGATGTCCA	TE_006	chr6:100191040-100191486(+)	L2	LINE	100
CELL_086	AAAACTGAGTTAGTTC	TE_006	chr6:100191040-100191486(+)	L2	LINE	100
CELL_087	GAGATAGTTGGATGTC	TE_006	chr6:100191040-100191486(+)	L2	LINE	100
CELL_088	GCACTAGAGGGAACAG	TE_006	chr6:100191040-100191486(+)	L2	LINE	100
CELL_089	CCATAGGACCGATACA	TE_006	chr6:100191040-100191486(+)	L2	LINE	100
CELL_090	GACAGTTCAATGGCGG	TE_006	chr6:100191040-100191486(+)	L2	LINE	100
CELL_091	ATGCCCGCACCTGTAT	TE_006	chr6:100191040-100191486(+)	L2	LINE	100
CELL_092	ACACCTAGTATGTAAA	TE_006	chr6:100191040-100191486(+)	L2	LINE	100
CELL_093	AATTGAATACGAGAGG	TE_006	chr6:100191040-100191486(+)	L2	LINE	100
CELL_094	GGCACCCTTTTGCCCT	TE_006	chr6:100191040-100191486(+)	L2	LINE	100
CELL_095	CCCACTGTCTATTCCA	TE_006	chr6:100191040-100191486(+)	L2	LINE	100
CELL_096	GGTCGCCGAATATGTC	TE_006	chr6:100191040-100191486(+)	L2	LINE	100
CELL_097	CCGACTTCGACCCGTT	TE_006	chr6:100191040-100191486(+)	L2	LINE	100
CELL_098	TGGTAGGCCAGGGGCC	TE_006	chr6:100191040-100191486(+)	L2	LINE	100
CELL_099	TGGGCTAAACACGGCC	TE_006	chr6:100191040-100191486(+)	L2	LINE	100
CELL_100	TTCCCGATTGCCATGA	TE_006	chr6:100191040-100191486(+)	L2	LINE	100
CELL_001	AAAACTCCATGTGTAA	TE_007	chr7:18863549-18863779(-)	L1	LINE	100
CELL_002	CTCCGGAAGTAGAATC	TE_007	chr7:18863549-18863779(-)	L1	LINE	100
CELL_003	TTGCACTCGGCCTTTC	TE_007	chr7:18863549-18863779(-)	L1	LINE	100
CELL_004	CATATCTCGTGAACCC	TE_007	chr7:18863549-18863779(-)	L1	LINE	100
CELL_005	CCTGCACGCCCTAAAG	TE_007	chr7:18863549-18863779(-)	L1	LINE	100
CELL_006	TACAATTAGGATATTC	TE_007	chr7:18863549-18863779(-)	L1	LINE	100
CELL_007	ATCCCTACACTGTATA	TE_007	chr7:18863549-18863779(-)	L1	LINE	100
CELL_008	TGCCGAACGTTCTAAT	TE_007	chr7:18863549-18863779(-)	L1	LINE	100
CELL_009	AAACGACTTAGCAACA	TE_007	chr7:18863549-18863779(-)	L1	LINE	100
CELL_010	AGTCGCCTAGAAAGGT	TE_007	chr7:18863549-18863779(-)	L1	LINE	100
CELL_011	ACCGCTGGCATATCAC	TE_007	chr7:18863549-18863779(-)	L1	LINE	100
CELL_012	GCCTCCCGCTTGCCGT	TE_007	chr7:18863549-18863779(-)	L1	LINE	100
CELL_013	CTTCAACTTCATGACC	TE_007	chr7:18863549-18863779(-)	L1	LINE	100
CELL_014	CTCGTGCATCACAAAG	TE_007	chr7:18863549-18863779(-)	L1	LINE	100
CELL_015	CCTCAAGCCGGAGTCT	TE_007	chr7:18863549-18863779(-)	L1	LINE	100
CELL_016	AGGCTTTGAAACAGCT	TE_007	chr7:18863549-18863779(-)	L1	LINE	100
CELL_017	GAATAAATCGTGTGAA	TE_007	chr7:18863549-18863779(-)	L1	LINE	100
CELL_018	TACGTGAGTCGTCGGA	TE_007	chr7:18863549-18863779(-)	L1	LINE	100
CELL_019	AAGCAGTTGAATATCT	TE_007	chr7:18863549-18863779(-)	L1	LINE	100
CELL_020	AACGACCCCTGCGCAA	TE_007	chr7:18863549-18863779(-)	L1	LINE	100
CELL_021	GGACACACTAGTCGCC	TE_007	chr7:18863549-18863779(-)	L1	LINE	100
CELL_022	CTTGAGAGCACTCCAG	TE_007	chr7:18863549-18863779(-)	L1	LINE	100
CELL_023	TCCAGGCGAGGTATCC	TE_007	chr7:18863549-18863779(-)	L1	LINE	100
CELL_024	ACGACGATACGACTCG	TE_007	chr7:18863549-18863779(-)	L1	LINE	100
CELL_025	GCTAGCAAACGCGCGG	TE_007	chr7:18863549-18863779(-)	L1	LINE	100
CELL_026	TTTATCTATGCAGCTA	TE_007	chr7:18863549-18863779(-)	L1	LINE	100
CELL_027	ATATCCTTAGTAGTCG	TE_007	chr7:18863549-18863779(-)	L1	LINE	100
CELL_028	ACCCCTGAGATGACCG	TE_007	chr7:18863549-18863779(-)	L1	LINE	100
CELL_029	GTCATCAGGCGGCATC	TE_007	chr7:18863549-18863779(-)	L1	LINE	100
CELL_030	CGACGCACCAACGGCT	TE_007	chr7:18863549-18863779(-)	L1	LINE	100
CELL_031	CCTACAGACTCGTGCT	TE_007	chr7:18863549-18863779(-)	L1	LINE	100
CELL_032	ACCGGACCATGCGACT	TE_007	chr7:18863549-18863779(-)	L1	LINE	100
CELL_033	CGAACATCAGATGGAC	TE_007	chr7:18863549-18863779(-)	L1	LINE	100
CELL_034	AGACCTCGTAATAGCC	TE_007	chr7:18863549-18863779(-)	L1	LINE	100
CELL_035	GGGCCATGTAACACTG	TE_007	chr7:18863549-18863779(-)	L1	LINE	100
CELL_036	ATGTCTCCGGGCAGCT	TE_007	chr7:18863549-18863779(-)	L1	LINE	100
CELL_037	CATGACGAGCACCAGA	TE_007	chr7:18863549-18863779(-)	L1	LINE	100
CELL_038	CCCGAGAGTTCCTGTT	TE_007	chr7:18863549-18863779(-)	L1	LINE	100
CELL_039	AGTTTTGGTTAGGCAC	TE_007	chr7:18863549-18863779(-)	L1	LINE	100
CELL_040	GGAACGCTATCGAGCG	TE_007	chr7:18863549-18863779(-)	L1	LINE	100
CELL_041	CGTAAGCGCCAACCCG	TE_007	chr7:18863549-18863779(-)	L1	LINE	100
CELL_042	CATTTACGAAGTACCC	TE_007	chr7:18863549-18863779(-)	L1	LINE	100
CELL_043	ATCGTATGTAATAAGA	TE_007	chr7:18863549-18863779(-)	L1	LINE	100
CELL_044	CCTCGAGTACGTCGGG	TE_007	chr7:18863549-18863779(-)	L1	LINE	100
CELL_045	ACGTTGGCTGTGATGT	TE_007	chr7:18863549-18863779(-)	L1	LINE	100
CELL_046	TTTGATGAGCGAAGTT	TE_007	chr7:18863549-18863779(-)	L1	LINE	100
CELL_047	CGACGTTGCCGATGTT	TE_007	chr7:18863549-18863779(-)	L1	LINE	100
CELL_048	TACCCTAAGGGAGACG	TE_007	chr7:18863549-18863779(-)	L1	LINE	100
CELL_049	ACATCATCGCACGACT	TE_007	chr7:18863549-18863779(-)	L1	LINE	100
CELL_050	CGTCATTTGCATCATC	TE_007	chr7:18863549-18863779(-)	L1	LINE	100
CELL_051	TCCACTGCCCCGATGT	TE_007	chr7:18863549-18863779(-)	L1	LINE	100
CELL_052	CTGCTATGGACGGCTT	TE_007	chr7:18863549-18863779(-)	L1	LINE	100
CELL_053	CACCTGATGTGGAGCG	TE_007	chr7:18863549-18863779(-)	L1	LINE	100
CELL_054	AGGGTACTGATAGATA	TE_007	chr7:18863549-18863779(-)	L1	LINE	100
CELL_055	TACGACAATGCACGTA	TE_007	chr7:18863549-18863779(-)	L1	LINE	100
CELL_056	GTCTCGATACGTCATT	TE_007	chr7:18863549-18863779(-)	L1	LINE	100
CELL_057	GGTACGAACAGTTCGT	TE_007	chr7:18863549-18863779(-)	L1	LINE	100
CELL_058	ATTCCCCATGTCTGGA	TE_007	chr7:18863549-18863779(-)	L1	LINE	100
CELL_059	CCGACGTTAAGCTCAT	TE_007	chr7:18863549-18863779(-)	L1	LINE	100
CELL_060	GTCTCAGGACGGAGAA	TE_007	chr7:18863549-18863779(-)	L1	LINE	100
CELL_061	TGCAGCCCAACAGCTT	TE_007	chr7:18863549-18863779(-)	L1	LINE	100
CELL_062	GGCCGGATCAAGCAGG	TE_007	chr7:18863549-18863779(-)	L1	LINE	100
CELL_063	ATGAGAGGCACTTACT	TE_007	chr7:18863549-18863779(-)	L1	LINE	100
CELL_064	TTCCCCGCTACGATGC	TE_007	chr7:18863549-18863779(-)	L1	LINE	100
CELL_065	TTTGCACAAATTCTAC	TE_007	chr7:18863549-18863779(-)	L1	LINE	100
CELL_066	CGCATTGATCGTGGAT	TE_007	chr7:18863549-18863779(-)	L1	LINE	100
CELL_067	TACTAGTTTTGATGGC	TE_007	chr7:18863549-18863779(-)	L1	LINE	100
CELL_068	ATGGGTAATGGTGGAG	TE_007	chr7:18863549-18863779(-)	L1	LINE	100
CELL_069	CCAAACATCCAGCTAG	TE_007	chr7:18863549-18863779(-)	L1	LINE	100
CELL_070	CAGCTGCAAGCTTTGC	TE_007	chr7:18863549-18863779(-)	L1	LINE	100
CELL_071	CTACGTGGAGTCTCTG	TE_007	chr7:18863549-18863779(-)	L1	LINE	100
CELL_072	TGAAATTCAGAGATAC	TE_007	chr7:18863549-18863779(-)	L1	LINE	100
CELL_073	GCAGCTAATGGCCCCG	TE_007	chr7:18863549-18863779(-)	L1	LINE	100
CELL_074	CTTAACGGGTGCATCG	TE_007	chr7:18863549-18863779(-)	L1	LINE	100
CELL_075	GCACAGCCTCGTGCAG	TE_007	chr7:18863549-18863779(-)	L1	LINE	100
CELL_076	CCCTCACAAATTTCCG	TE_007	chr7:18863549-18863779(-)	L1	LINE	100
CELL_077	CCATCAGTGATTCAGT	TE_007	chr7:18863549-18863779(-)	L1	LINE	100
CELL_078	ATTGTTTCACCGCAGT	TE_007	chr7:18863549-18863779(-)	L1	LINE	100
CELL_079	TACCGTGAAGTGCCGC	TE_007	chr7:18863549-18863779(-)	L1	LINE	100
CELL_080	CATATACACAGGTTCA	TE_007	chr7:18863549-18863779(-)	L1	LINE	100
CELL_081	TGCTAGAGAAACTGCC	TE_007	chr7:18863549-18863779(-)	L1	LINE	100
CELL_082	ACCCGGGCTTGCCAAC	TE_007	chr7:18863549-18863779(-)	L1	LINE	100
CELL_083	CGGCAACGTGGCGTTG	TE_007	chr7:18863549-18863779(-)	L1	LINE	100
CELL_084	ATTGACAGAGCTTCTT	TE_007	chr7:18863549-18863779(-)	L1	LINE	100
CELL_085	AAGCCGCTGATGTCCA	TE_007	chr7:18863549-18863779(-)	L1	LINE	100
CELL_086	AAAACTGAGTTAGTTC	TE_007	chr7:18863549-18863779(-)	L1	LINE	100
CELL_087	GAGATAGTTGGATGTC	TE_007	chr7:18863549-18863779(-)	L1	LINE	100
CELL_088	GCACTAGAGGGAACAG	TE_007	chr7:18863549-18863779(-)	L1	LINE	100
CELL_089	CCATAGGACCGATACA	TE_007	chr7:18863549-18863779(-)	L1	LINE	100
CELL_090	GACAGTTCAATGGCGG	TE_007	chr7:18863549-18863779(-)	L1	LINE	100
CELL_091	ATGCCCGCACCTGTAT	TE_007	chr7:18863549-18863779(-)	L1	LINE	100
CELL_092	ACACCTAGTATGTAAA	TE_007	chr7:18863549-18863779(-)	L1	LINE	100
CELL_093	AATTGAATACGAGAGG	TE_007	chr7:18863549-18863779(-)	L1	LINE	100
CELL_094	GGCACCCTTTTGCCCT	TE_007	chr7:18863549-18863779(-)	L1	LINE	100
CELL_095	CCCACTGTCTATTCCA	TE_007	chr7:18863549-18863779(-)	L1	LINE	100
CELL_096	GGTCGCCGAATATGTC	TE_007	chr7:18863549-18863779(-)	L1	LINE	100
CELL_097	CCGACTTCGACCCGTT	TE_007	chr7:18863549-18863779(-)	L1	LINE	100
CELL_098	TGGTAGGCCAGGGGCC	TE_007	chr7:18863549-18863779(-)	L1	LINE	100
CELL_099	TGGGCTAAACACGGCC	TE_007	chr7:18863549-18863779(-)	L1	LINE	100
CELL_100	TTCCCGATTGCCATGA	TE_007	chr7:18863549-18863779(-)	L1	LINE	100
CELL_001	AAAACTCCATGTGTAA	TE_008	chr3:118457367-118458832(-)	L1	LINE	100
CELL_002	CTCCGGAAGTAGAATC	TE_008	chr3:118457367-118458832(-)	L1	LINE	100
CELL_003	TTGCACTCGGCCTTTC	TE_008	chr3:118457367-118458832(-)	L1	LINE	100
CELL_004	CATATCTCGTGAACCC	TE_008	chr3:118457367-118458832(-)	L1	LINE	100
CELL_005	CCTGCACGCCCTAAAG	TE_008	chr3:118457367-118458832(-)	L1	LINE	100
CELL_006	TACAATTAGGATATTC	TE_008	chr3:118457367-118458832(-)	L1	LINE	100
CELL_007	ATCCCTACACTGTATA	TE_008	chr3:118457367-118458832(-)	L1	LINE	100
CELL_008	TGCCGAACGTTCTAAT	TE_008	chr3:118457367-118458832(-)	L1	LINE	100
CELL_009	AAACGACTTAGCAACA	TE_008	chr3:118457367-118458832(-)	L1	LINE	100
CELL_010	AGTCGCCTAGAAAGGT	TE_008	chr3:118457367-118458832(-)	L1	LINE	100
CELL_011	ACCGCTGGCATATCAC	TE_008	chr3:118457367-118458832(-)	L1	LINE	100
CELL_012	GCCTCCCGCTTGCCGT	TE_008	chr3:118457367-118458832(-)	L1	LINE	100
CELL_013	CTTCAACTTCATGACC	TE_008	chr3:118457367-118458832(-)	L1	LINE	100
CELL_014	CTCGTGCATCACAAAG	TE_008	chr3:118457367-118458832(-)	L1	LINE	100
CELL_015	CCTCAAGCCGGAGTCT	TE_008	chr3:118457367-118458832(-)	L1	LINE	100
CELL_016	AGGCTTTGAAACAGCT	TE_008	chr3:118457367-118458832(-)	L1	LINE	100
CELL_017	GAATAAATCGTGTGAA	TE_008	chr3:118457367-118458832(-)	L1	LINE	100
CELL_018	TACGTGAGTCGTCGGA	TE_008	chr3:118457367-118458832(-)	L1	LINE	100
CELL_019	AAGCAGTTGAATATCT	TE_008	chr3:118457367-118458832(-)	L1	LINE	100
CELL_020	AACGACCCCTGCGCAA	TE_008	chr3:118457367-118458832(-)	L1	LINE	100
CELL_021	GGACACACTAGTCGCC	TE_008	chr3:118457367-118458832(-)	L1	LINE	100
CELL_022	CTTGAGAGCACTCCAG	TE_008	chr3:118457367-118458832(-)	L1	LINE	100
CELL_023	TCCAGGCGAGGTATCC	TE_008	chr3:118457367-118458832(-)	L1	LINE	100
CELL_024	ACGACGATACGACTCG	TE_008	chr3:118457367-118458832(-)	L1	LINE	100
CELL_025	GCTAGCAAACGCGCGG	TE_008	chr3:118457367-118458832(-)	L1	LINE	100
CELL_026	TTTATCTATGCAGCTA	TE_008	chr3:118457367-118458832(-)	L1	LINE	100
CELL_027	ATATCCTTAGTAGTCG	TE_008	chr3:118457367-118458832(-)	L1	LINE	100
CELL_028	ACCCCTGAGATGACCG	TE_008	chr3:118457367-118458832(-)	L1	LINE	100
CELL_029	GTCATCAGGCGGCATC	TE_008	chr3:118457367-118458832(-)	L1	LINE	100
CELL_030	CGACGCACCAACGGCT	TE_008	chr3:118457367-118458832(-)	L1	LINE	100
CELL_031	CCTACAGACTCGTGCT	TE_008	chr3:118457367-118458832(-)	L1	LINE	100
CELL_032	ACCGGACCATGCGACT	TE_008	chr3:118457367-118458832(-)	L1	LINE	100
CELL_033	CGAACATCAGATGGAC	TE_008	chr3:118457367-118458832(-)	L1	LINE	100
CELL_034	AGACCTCGTAATAGCC	TE_008	chr3:118457367-118458832(-)	L1	LINE	100
CELL_035	GGGCCATGTAACACTG	TE_008	chr3:118457367-118458832(-)	L1	LINE	100
CELL_036	ATGTCTCCGGGCAGCT	TE_008	chr3:118457367-118458832(-)	L1	LINE	100
CELL_037	CATGACGAGCACCAGA	TE_008	chr3:118457367-118458832(-)	L1	LINE	100
CELL_038	CCCGAGAGTTCCTGTT	TE_008	chr3:118457367-118458832(-)	L1	LINE	100
CELL_039	AGTTTTGGTTAGGCAC	TE_008	chr3:118457367-118458832(-)	L1	LINE	100
CELL_040	GGAACGCTATCGAGCG	TE_008	chr3:118457367-118458832(-)	L1	LINE	100
CELL_041	CGTAAGCGCCAACCCG	TE_008	chr3:118457367-118458832(-)	L1	LINE	100
CELL_042	CATTTACGAAGTACCC	TE_008	chr3:118457367-118458832(-)	L1	LINE	100
CELL_043	ATCGTATGTAATAAGA	TE_008	chr3:118457367-118458832(-)	L1	LINE	100
CELL_044	CCTCGAGTACGTCGGG	TE_008	chr3:118457367-118458832(-)	L1	LINE	100
CELL_045	ACGTTGGCTGTGATGT	TE_008	chr3:118457367-118458832(-)	L1	LINE	100
CELL_046	TTTGATGAGCGAAGTT	TE_008	chr3:118457367-118458832(-)	L1	LINE	100
CELL_047	CGACGTTGCCGATGTT	TE_008	chr3:118457367-118458832(-)	L1	LINE	100
CELL_048	TACCCTAAGGGAGACG	TE_008	chr3:118457367-118458832(-)	L1	LINE	100
CELL_049	ACATCATCGCACGACT	TE_008	chr3:118457367-118458832(-)	L1	LINE	100
CELL_050	CGTCATTTGCATCATC	TE_008	chr3:118457367-118458832(-)	L1	LINE	100
CELL_051	TCCACTGCCCCGATGT	TE_008	chr3:118457367-118458832(-)	L1	LINE	100
CELL_052	CTGCTATGGACGGCTT	TE_008	chr3:118457367-118458832(-)	L1	LINE	100
CELL_053	CACCTGATGTGGAGCG	TE_008	chr3:118457367-118458832(-)	L1	LINE	100
CELL_054	AGGGTACTGATAGATA	TE_008	chr3:118457367-118458832(-)	L1	LINE	100
CELL_055	TACGACAATGCACGTA	TE_008	chr3:118457367-118458832(-)	L1	LINE	100
CELL_056	GTCTCGATACGTCATT	TE_008	chr3:118457367-118458832(-)	L1	LINE	100
CELL_057	GGTACGAACAGTTCGT	TE_008	chr3:118457367-118458832(-)	L1	LINE	100
CELL_058	ATTCCCCATGTCTGGA	TE_008	chr3:118457367-118458832(-)	L1	LINE	100
CELL_059	CCGACGTTAAGCTCAT	TE_008	chr3:118457367-118458832(-)	L1	LINE	100
CELL_060	GTCTCAGGACGGAGAA	TE_008	chr3:118457367-118458832(-)	L1	LINE	100
CELL_061	TGCAGCCCAACAGCTT	TE_008	chr3:118457367-118458832(-)	L1	LINE	100
CELL_062	GGCCGGATCAAGCAGG	TE_008	chr3:118457367-118458832(-)	L1	LINE	100
CELL_063	ATGAGAGGCACTTACT	TE_008	chr3:118457367-118458832(-)	L1	LINE	100
CELL_064	TTCCCCGCTACGATGC	TE_008	chr3:118457367-118458832(-)	L1	LINE	100
CELL_065	TTTGCACAAATTCTAC	TE_008	chr3:118457367-118458832(-)	L1	LINE	100
CELL_066	CGCATTGATCGTGGAT	TE_008	chr3:118457367-118458832(-)	L1	LINE	100
CELL_067	TACTAGTTTTGATGGC	TE_008	chr3:118457367-118458832(-)	L1	LINE	100
CELL_068	ATGGGTAATGGTGGAG	TE_008	chr3:118457367-118458832(-)	L1	LINE	100
CELL_069	CCAAACATCCAGCTAG	TE_008	chr3:118457367-118458832(-)	L1	LINE	100
CELL_070	CAGCTGCAAGCTTTGC	TE_008	chr3:118457367-118458832(-)	L1	LINE	100
CELL_071	CTACGTGGAGTCTCTG	TE_008	chr3:118457367-118458832(-)	L1	LINE	100
CELL_072	TGAAATTCAGAGATAC	TE_008	chr3:118457367-118458832(-)	L1	LINE	100
CELL_073	GCAGCTAATGGCCCCG	TE_008	chr3:118457367-118458832(-)	L1	LINE	100
CELL_074	CTTAACGGGTGCATCG	TE_008	chr3:118457367-118458832(-)	L1	LINE	100
CELL_075	GCACAGCCTCGTGCAG	TE_008	chr3:118457367-118458832(-)	L1	LINE	100
CELL_076	CCCTCACAAATTTCCG	TE_008	chr3:118457367-118458832(-)	L1	LINE	100
CELL_077	CCATCAGTGATTCAGT	TE_008	chr3:118457367-118458832(-)	L1	LINE	100
CELL_078	ATTGTTTCACCGCAGT	TE_008	chr3:118457367-118458832(-)	L1	LINE	100
CELL_079	TACCGTGAAGTGCCGC	TE_008	chr3:118457367-118458832(-)	L1	LINE	100
CELL_080	CATATACACAGGTTCA	TE_008	chr3:118457367-118458832(-)	L1	LINE	100
CELL_081	TGCTAGAGAAACTGCC	TE_008	chr3:118457367-118458832(-)	L1	LINE	100
CELL_082	ACCCGGGCTTGCCAAC	TE_008	chr3:118457367-118458832(-)	L1	LINE	100
CELL_083	CGGCAACGTGGCGTTG	TE_008	chr3:118457367-118458832(-)	L1	LINE	100
CELL_084	ATTGACAGAGCTTCTT	TE_008	chr3:118457367-118458832(-)	L1	LINE	100
CELL_085	AAGCCGCTGATGTCCA	TE_008	chr3:118457367-118458832(-)	L1	LINE	100
CELL_086	AAAACTGAGTTAGTTC	TE_008	chr3:118457367-118458832(-)	L1	LINE	100
CELL_087	GAGATAGTTGGATGTC	TE_008	chr3:118457367-118458832(-)	L1	LINE	100
CELL_088	GCACTAGAGGGAACAG	TE_008	chr3:118457367-118458832(-)	L1	LINE	100
CELL_089	CCATAGGACCGATACA	TE_008	chr3:118457367-118458832(-)	L1	LINE	100
CELL_090	GACAGTTCAATGGCGG	TE_008	chr3:118457367-118458832(-)	L1	LINE	100
CELL_091	ATGCCCGCACCTGTAT	TE_008	chr3:118457367-118458832(-)	L1	LINE	100
CELL_092	ACACCTAGTATGTAAA	TE_008	chr3:118457367-118458832(-)	L1	LINE	100
CELL_093	AATTGAATACGAGAGG	TE_008	chr3:118457367-118458832(-)	L1	LINE	100
CELL_094	GGCACCCTTTTGCCCT	TE_008	chr3:118457367-118458832(-)	L1	LINE	100
CELL_095	CCCACTGTCTATTCCA	TE_008	chr3:118457367-118458832(-)	L1	LINE	100
CELL_096	GGTCGCCGAATATGTC	TE_008	chr3:118457367-118458832(-)	L1	LINE	100
CELL_097	CCGACTTCGACCCGTT	TE_008	chr3:118457367-118458832(-)	L1	LINE	100
CELL_098	TGGTAGGCCAGGGGCC	TE_008	chr3:118457367-118458832(-)	L1	LINE	100
CELL_099	TGGGCTAAACACGGCC	TE_008	chr3:118457367-118458832(-)	L1	LINE	100
CELL_100	TTCCCGATTGCCATGA	TE_008	chr3:118457367-118458832(-)	L1	LINE	100
CELL_001	AAAACTCCATGTGTAA	TE_009	chr7:125053796-125054014(-)	hAT-Charlie	DNA	100
CELL_002	CTCCGGAAGTAGAATC	TE_009	chr7:125053796-125054014(-)	hAT-Charlie	DNA	100
CELL_003	TTGCACTCGGCCTTTC	TE_009	chr7:125053796-125054014(-)	hAT-Charlie	DNA	100
CELL_004	CATATCTCGTGAACCC	TE_009	chr7:125053796-125054014(-)	hAT-Charlie	DNA	100
CELL_005	CCTGCACGCCCTAAAG	TE_009	chr7:125053796-125054014(-)	hAT-Charlie	DNA	100
CELL_006	TACAATTAGGATATTC	TE_009	chr7:125053796-125054014(-)	hAT-Charlie	DNA	100
CELL_007	ATCCCTACACTGTATA	TE_009	chr7:125053796-125054014(-)	hAT-Charlie	DNA	100
CELL_008	TGCCGAACGTTCTAAT	TE_009	chr7:125053796-125054014(-)	hAT-Charlie	DNA	100
CELL_009	AAACGACTTAGCAACA	TE_009	chr7:125053796-125054014(-)	hAT-Charlie	DNA	100
CELL_010	AGTCGCCTAGAAAGGT	TE_009	chr7:125053796-125054014(-)	hAT-Charlie	DNA	100
CELL_011	ACCGCTGGCATATCAC	TE_009	chr7:125053796-125054014(-)	hAT-Charlie	DNA	100
CELL_012	GCCTCCCGCTTGCCGT	TE_009	chr7:125053796-125054014(-)	hAT-Charlie	DNA	100
CELL_013	CTTCAACTTCATGACC	TE_009	chr7:125053796-125054014(-)	hAT-Charlie	DNA	100
CELL_014	CTCGTGCATCACAAAG	TE_009	chr7:125053796-125054014(-)	hAT-Charlie	DNA	100
CELL_015	CCTCAAGCCGGAGTCT	TE_009	chr7:125053796-125054014(-)	hAT-Charlie	DNA	100
CELL_016	AGGCTTTGAAACAGCT	TE_009	chr7:125053796-125054014(-)	hAT-Charlie	DNA	100
CELL_017	GAATAAATCGTGTGAA	TE_009	chr7:125053796-125054014(-)	hAT-Charlie	DNA	100
CELL_018	TACGTGAGTCGTCGGA	TE_009	chr7:125053796-125054014(-)	hAT-Charlie	DNA	100
CELL_019	AAGCAGTTGAATATCT	TE_009	chr7:125053796-125054014(-)	hAT-Charlie	DNA	100
CELL_020	AACGACCCCTGCGCAA	TE_009	chr7:125053796-125054014(-)	hAT-Charlie	DNA	100
CELL_021	GGACACACTAGTCGCC	TE_009	chr7:125053796-125054014(-)	hAT-Charlie	DNA	100
CELL_022	CTTGAGAGCACTCCAG	TE_009	chr7:125053796-125054014(-)	hAT-Charlie	DNA	100
CELL_023	TCCAGGCGAGGTATCC	TE_009	chr7:125053796-125054014(-)	hAT-Charlie	DNA	100
CELL_024	ACGACGATACGACTCG	TE_009	chr7:125053796-125054014(-)	hAT-Charlie	DNA	100
CELL_025	GCTAGCAAACGCGCGG	TE_009	chr7:125053796-125054014(-)	hAT-Charlie	DNA	100
CELL_026	TTTATCTATGCAGCTA	TE_009	chr7:125053796-125054014(-)	hAT-Charlie	DNA	100
CELL_027	ATATCCTTAGTAGTCG	TE_009	chr7:125053796-125054014(-)	hAT-Charlie	DNA	100
CELL_028	ACCCCTGAGATGACCG	TE_009	chr7:125053796-125054014(-)	hAT-Charlie	DNA	100
CELL_029	GTCATCAGGCGGCATC	TE_009	chr7:125053796-125054014(-)	hAT-Charlie	DNA	100
CELL_030	CGACGCACCAACGGCT	TE_009	chr7:125053796-125054014(-)	hAT-Charlie	DNA	100
CELL_031	CCTACAGACTCGTGCT	TE_009	chr7:125053796-125054014(-)	hAT-Charlie	DNA	100
CELL_032	ACCGGACCATGCGACT	TE_009	chr7:125053796-125054014(-)	hAT-Charlie	DNA	100
CELL_033	CGAACATCAGATGGAC	TE_009	chr7:125053796-125054014(-)	hAT-Charlie	DNA	100
CELL_034	AGACCTCGTAATAGCC	TE_009	chr7:125053796-125054014(-)	hAT-Charlie	DNA	100
CELL_035	GGGCCATGTAACACTG	TE_009	chr7:125053796-125054014(-)	hAT-Charlie	DNA	100
CELL_036	ATGTCTCCGGGCAGCT	TE_009	chr7:125053796-125054014(-)	hAT-Charlie	DNA	100
CELL_037	CATGACGAGCACCAGA	TE_009	chr7:125053796-125054014(-)	hAT-Charlie	DNA	100
CELL_038	CCCGAGAGTTCCTGTT	TE_009	chr7:125053796-125054014(-)	hAT-Charlie	DNA	100
CELL_039	AGTTTTGGTTAGGCAC	TE_009	chr7:125053796-125054014(-)	hAT-Charlie	DNA	100
CELL_040	GGAACGCTATCGAGCG	TE_009	chr7:125053796-125054014(-)	hAT-Charlie	DNA	100
CELL_041	CGTAAGCGCCAACCCG	TE_009	chr7:125053796-125054014(-)	hAT-Charlie	DNA	100
CELL_042	CATTTACGAAGTACCC	TE_009	chr7:125053796-125054014(-)	hAT-Charlie	DNA	100
CELL_043	ATCGTATGTAATAAGA	TE_009	chr7:125053796-125054014(-)	hAT-Charlie	DNA	100
CELL_044	CCTCGAGTACGTCGGG	TE_009	chr7:125053796-125054014(-)	hAT-Charlie	DNA	100
CELL_045	ACGTTGGCTGTGATGT	TE_009	chr7:125053796-125054014(-)	hAT-Charlie	DNA	100
CELL_046	TTTGATGAGCGAAGTT	TE_009	chr7:125053796-125054014(-)	hAT-Charlie	DNA	100
CELL_047	CGACGTTGCCGATGTT	TE_009	chr7:125053796-125054014(-)	hAT-Charlie	DNA	100
CELL_048	TACCCTAAGGGAGACG	TE_009	chr7:125053796-125054014(-)	hAT-Charlie	DNA	100
CELL_049	ACATCATCGCACGACT	TE_009	chr7:125053796-125054014(-)	hAT-Charlie	DNA	100
CELL_050	CGTCATTTGCATCATC	TE_009	chr7:125053796-125054014(-)	hAT-Charlie	DNA	100
CELL_051	TCCACTGCCCCGATGT	TE_009	chr7:125053796-125054014(-)	hAT-Charlie	DNA	100
CELL_052	CTGCTATGGACGGCTT	TE_009	chr7:125053796-125054014(-)	hAT-Charlie	DNA	100
CELL_053	CACCTGATGTGGAGCG	TE_009	chr7:125053796-125054014(-)	hAT-Charlie	DNA	100
CELL_054	AGGGTACTGATAGATA	TE_009	chr7:125053796-125054014(-)	hAT-Charlie	DNA	100
CELL_055	TACGACAATGCACGTA	TE_009	chr7:125053796-125054014(-)	hAT-Charlie	DNA	100
CELL_056	GTCTCGATACGTCATT	TE_009	chr7:125053796-125054014(-)	hAT-Charlie	DNA	100
CELL_057	GGTACGAACAGTTCGT	TE_009	chr7:125053796-125054014(-)	hAT-Charlie	DNA	100
CELL_058	ATTCCCCATGTCTGGA	TE_009	chr7:125053796-125054014(-)	hAT-Charlie	DNA	100
CELL_059	CCGACGTTAAGCTCAT	TE_009	chr7:125053796-125054014(-)	hAT-Charlie	DNA	100
CELL_060	GTCTCAGGACGGAGAA	TE_009	chr7:125053796-125054014(-)	hAT-Charlie	DNA	100
CELL_061	TGCAGCCCAACAGCTT	TE_009	chr7:125053796-125054014(-)	hAT-Charlie	DNA	100
CELL_062	GGCCGGATCAAGCAGG	TE_009	chr7:125053796-125054014(-)	hAT-Charlie	DNA	100
CELL_063	ATGAGAGGCACTTACT	TE_009	chr7:125053796-125054014(-)	hAT-Charlie	DNA	100
CELL_064	TTCCCCGCTACGATGC	TE_009	chr7:125053796-125054014(-)	hAT-Charlie	DNA	100
CELL_065	TTTGCACAAATTCTAC	TE_009	chr7:125053796-125054014(-)	hAT-Charlie	DNA	100
CELL_066	CGCATTGATCGTGGAT	TE_009	chr7:125053796-125054014(-)	hAT-Charlie	DNA	100
CELL_067	TACTAGTTTTGATGGC	TE_009	chr7:125053796-125054014(-)	hAT-Charlie	DNA	100
CELL_068	ATGGGTAATGGTGGAG	TE_009	chr7:125053796-125054014(-)	hAT-Charlie	DNA	100
CELL_069	CCAAACATCCAGCTAG	TE_009	chr7:125053796-125054014(-)	hAT-Charlie	DNA	100
CELL_070	CAGCTGCAAGCTTTGC	TE_009	chr7:125053796-125054014(-)	hAT-Charlie	DNA	100
CELL_071	CTACGTGGAGTCTCTG	TE_009	chr7:125053796-125054014(-)	hAT-Charlie	DNA	100
CELL_072	TGAAATTCAGAGATAC	TE_009	chr7:125053796-125054014(-)	hAT-Charlie	DNA	100
CELL_073	GCAGCTAATGGCCCCG	TE_009	chr7:125053796-125054014(-)	hAT-Charlie	DNA	100
CELL_074	CTTAACGGGTGCATCG	TE_009	chr7:125053796-125054014(-)	hAT-Charlie	DNA	100
CELL_075	GCACAGCCTCGTGCAG	TE_009	chr7:125053796-125054014(-)	hAT-Charlie	DNA	100
CELL_076	CCCTCACAAATTTCCG	TE_009	chr7:125053796-125054014(-)	hAT-Charlie	DNA	100
CELL_077	CCATCAGTGATTCAGT	TE_009	chr7:125053796-125054014(-)	hAT-Charlie	DNA	100
CELL_078	ATTGTTTCACCGCAGT	TE_009	chr7:125053796-125054014(-)	hAT-Charlie	DNA	100
CELL_079	TACCGTGAAGTGCCGC	TE_009	chr7:125053796-125054014(-)	hAT-Charlie	DNA	100
CELL_080	CATATACACAGGTTCA	TE_009	chr7:125053796-125054014(-)	hAT-Charlie	DNA	100
CELL_081	TGCTAGAGAAACTGCC	TE_009	chr7:125053796-125054014(-)	hAT-Charlie	DNA	100
CELL_082	ACCCGGGCTTGCCAAC	TE_009	chr7:125053796-125054014(-)	hAT-Charlie	DNA	100
CELL_083	CGGCAACGTGGCGTTG	TE_009	chr7:125053796-125054014(-)	hAT-Charlie	DNA	100
CELL_084	ATTGACAGAGCTTCTT	TE_009	chr7:125053796-125054014(-)	hAT-Charlie	DNA	100
CELL_085	AAGCCGCTGATGTCCA	TE_009	chr7:125053796-125054014(-)	hAT-Charlie	DNA	100
CELL_086	AAAACTGAGTTAGTTC	TE_009	chr7:125053796-125054014(-)	hAT-Charlie	DNA	100
CELL_087	GAGATAGTTGGATGTC	TE_009	chr7:125053796-125054014(-)	hAT-Charlie	DNA	100
CELL_088	GCACTAGAGGGAACAG	TE_009	chr7:125053796-125054014(-)	hAT-Charlie	DNA	100
CELL_089	CCATAGGACCGATACA	TE_009	chr7:125053796-125054014(-)	hAT-Charlie	DNA	100
CELL_090	GACAGTTCAATGGCGG	TE_009	chr7:125053796-125054014(-)	hAT-Charlie	DNA	100
CELL_091	ATGCCCGCACCTGTAT	TE_009	chr7:125053796-125054014(-)	hAT-Charlie	DNA	100
CELL_092	ACACCTAGTATGTAAA	TE_009	chr7:125053796-125054014(-)	hAT-Charlie	DNA	100
CELL_093	AATTGAATACGAGAGG	TE_009	chr7:125053796-125054014(-)	hAT-Charlie	DNA	100
CELL_094	GGCACCCTTTTGCCCT	TE_009	chr7:125053796-125054014(-)	hAT-Charlie	DNA	100
CELL_095	CCCACTGTCTATTCCA	TE_009	chr7:125053796-125054014(-)	hAT-Charlie	DNA	100
CELL_096	GGTCGCCGAATATGTC	TE_009	chr7:125053796-125054014(-)	hAT-Charlie	DNA	100
CELL_097	CCGACTTCGACCCGTT	TE_009	chr7:125053796-125054014(-)	hAT-Charlie	DNA	100
CELL_098	TGGTAGGCCAGGGGCC	TE_009	chr7:125053796-125054014(-)	hAT-Charlie	DNA	100
CELL_099	TGGGCTAAACACGGCC	TE_009	chr7:125053796-125054014(-)	hAT-Charlie	DNA	100
CELL_100	TTCCCGATTGCCATGA	TE_009	chr7:125053796-125054014(-)	hAT-Charlie	DNA	100
CELL_001	AAAACTCCATGTGTAA	TE_010	chr10:5125179-5125428(+)	L1	LINE	100
CELL_002	CTCCGGAAGTAGAATC	TE_010	chr10:5125179-5125428(+)	L1	LINE	100
CELL_003	TTGCACTCGGCCTTTC	TE_010	chr10:5125179-5125428(+)	L1	LINE	100
CELL_004	CATATCTCGTGAACCC	TE_010	chr10:5125179-5125428(+)	L1	LINE	100
CELL_005	CCTGCACGCCCTAAAG	TE_010	chr10:5125179-5125428(+)	L1	LINE	100
CELL_006	TACAATTAGGATATTC	TE_010	chr10:5125179-5125428(+)	L1	LINE	100
CELL_007	ATCCCTACACTGTATA	TE_010	chr10:5125179-5125428(+)	L1	LINE	100
CELL_008	TGCCGAACGTTCTAAT	TE_010	chr10:5125179-5125428(+)	L1	LINE	100
CELL_009	AAACGACTTAGCAACA	TE_010	chr10:5125179-5125428(+)	L1	LINE	100
CELL_010	AGTCGCCTAGAAAGGT	TE_010	chr10:5125179-5125428(+)	L1	LINE	100
CELL_011	ACCGCTGGCATATCAC	TE_010	chr10:5125179-5125428(+)	L1	LINE	100
CELL_012	GCCTCCCGCTTGCCGT	TE_010	chr10:5125179-5125428(+)	L1	LINE	100
CELL_013	CTTCAACTTCATGACC	TE_010	chr10:5125179-5125428(+)	L1	LINE	100
CELL_014	CTCGTGCATCACAAAG	TE_010	chr10:5125179-5125428(+)	L1	LINE	100
CELL_015	CCTCAAGCCGGAGTCT	TE_010	chr10:5125179-5125428(+)	L1	LINE	100
CELL_016	AGGCTTTGAAACAGCT	TE_010	chr10:5125179-5125428(+)	L1	LINE	100
CELL_017	GAATAAATCGTGTGAA	TE_010	chr10:5125179-5125428(+)	L1	LINE	100
CELL_018	TACGTGAGTCGTCGGA	TE_010	chr10:5125179-5125428(+)	L1	LINE	100
CELL_019	AAGCAGTTGAATATCT	TE_010	chr10:5125179-5125428(+)	L1	LINE	100
CELL_020	AACGACCCCTGCGCAA	TE_010	chr10:5125179-5125428(+)	L1	LINE	100
CELL_021	GGACACACTAGTCGCC	TE_010	chr10:5125179-5125428(+)	L1	LINE	100
CELL_022	CTTGAGAGCACTCCAG	TE_010	chr10:5125179-5125428(+)	L1	LINE	100
CELL_023	TCCAGGCGAGGTATCC	TE_010	chr10:5125179-5125428(+)	L1	LINE	100
CELL_024	ACGACGATACGACTCG	TE_010	chr10:5125179-5125428(+)	L1	LINE	100
CELL_025	GCTAGCAAACGCGCGG	TE_010	chr10:5125179-5125428(+)	L1	LINE	100
CELL_026	TTTATCTATGCAGCTA	TE_010	chr10:5125179-5125428(+)	L1	LINE	100
CELL_027	ATATCCTTAGTAGTCG	TE_010	chr10:5125179-5125428(+)	L1	LINE	100
CELL_028	ACCCCTGAGATGACCG	TE_010	chr10:5125179-5125428(+)	L1	LINE	100
CELL_029	GTCATCAGGCGGCATC	TE_010	chr10:5125179-5125428(+)	L1	LINE	100
CELL_030	CGACGCACCAACGGCT	TE_010	chr10:5125179-5125428(+)	L1	LINE	100
CELL_031	CCTACAGACTCGTGCT	TE_010	chr10:5125179-5125428(+)	L1	LINE	100
CELL_032	ACCGGACCATGCGACT	TE_010	chr10:5125179-5125428(+)	L1	LINE	100
CELL_033	CGAACATCAGATGGAC	TE_010	chr10:5125179-5125428(+)	L1	LINE	100
CELL_034	AGACCTCGTAATAGCC	TE_010	chr10:5125179-5125428(+)	L1	LINE	100
CELL_035	GGGCCATGTAACACTG	TE_010	chr10:5125179-5125428(+)	L1	LINE	100
CELL_036	ATGTCTCCGGGCAGCT	TE_010	chr10:5125179-5125428(+)	L1	LINE	100
CELL_037	CATGACGAGCACCAGA	TE_010	chr10:5125179-5125428(+)	L1	LINE	100
CELL_038	CCCGAGAGTTCCTGTT	TE_010	chr10:5125179-5125428(+)	L1	LINE	100
CELL_039	AGTTTTGGTTAGGCAC	TE_010	chr10:5125179-5125428(+)	L1	LINE	100
CELL_040	GGAACGCTATCGAGCG	TE_010	chr10:5125179-5125428(+)	L1	LINE	100
CELL_041	CGTAAGCGCCAACCCG	TE_010	chr10:5125179-5125428(+)	L1	LINE	100
CELL_042	CATTTACGAAGTACCC	TE_010	chr10:5125179-5125428(+)	L1	LINE	100
CELL_043	ATCGTATGTAATAAGA	TE_010	chr10:5125179-5125428(+)	L1	LINE	100
CELL_044	CCTCGAGTACGTCGGG	TE_010	chr10:5125179-5125428(+)	L1	LINE	100
CELL_045	ACGTTGGCTGTGATGT	TE_010	chr10:5125179-5125428(+)	L1	LINE	100
CELL_046	TTTGATGAGCGAAGTT	TE_010	chr10:5125179-5125428(+)	L1	LINE	100
CELL_047	CGACGTTGCCGATGTT	TE_010	chr10:5125179-5125428(+)	L1	LINE	100
CELL_048	TACCCTAAGGGAGACG	TE_010	chr10:5125179-5125428(+)	L1	LINE	100
CELL_049	ACATCATCGCACGACT	TE_010	chr10:5125179-5125428(+)	L1	LINE	100
CELL_050	CGTCATTTGCATCATC	TE_010	chr10:5125179-5125428(+)	L1	LINE	100
CELL_051	TCCACTGCCCCGATGT	TE_010	chr10:5125179-5125428(+)	L1	LINE	100
CELL_052	CTGCTATGGACGGCTT	TE_010	chr10:5125179-5125428(+)	L1	LINE	100
CELL_053	CACCTGATGTGGAGCG	TE_010	chr10:5125179-5125428(+)	L1	LINE	100
CELL_054	AGGGTACTGATAGATA	TE_010	chr10:5125179-5125428(+)	L1	LINE	100
CELL_055	TACGACAATGCACGTA	TE_010	chr10:5125179-5125428(+)	L1	LINE	100
CELL_056	GTCTCGATACGTCATT	TE_010	chr10:5125179-5125428(+)	L1	LINE	100
CELL_057	GGTACGAACAGTTCGT	TE_010	chr10:5125179-5125428(+)	L1	LINE	100
CELL_058	ATTCCCCATGTCTGGA	TE_010	chr10:5125179-5125428(+)	L1	LINE	100
CELL_059	CCGACGTTAAGCTCAT	TE_010	chr10:5125179-5125428(+)	L1	LINE	100
CELL_060	GTCTCAGGACGGAGAA	TE_010	chr10:5125179-5125428(+)	L1	LINE	100
CELL_061	TGCAGCCCAACAGCTT	TE_010	chr10:5125179-5125428(+)	L1	LINE	100
CELL_062	GGCCGGATCAAGCAGG	TE_010	chr10:5125179-5125428(+)	L1	LINE	100
CELL_063	ATGAGAGGCACTTACT	TE_010	chr10:5125179-5125428(+)	L1	LINE	100
CELL_064	TTCCCCGCTACGATGC	TE_010	chr10:5125179-5125428(+)	L1	LINE	100
CELL_065	TTTGCACAAATTCTAC	TE_010	chr10:5125179-5125428(+)	L1	LINE	100
CELL_066	CGCATTGATCGTGGAT	TE_010	chr10:5125179-5125428(+)	L1	LINE	100
CELL_067	TACTAGTTTTGATGGC	TE_010	chr10:5125179-5125428(+)	L1	LINE	100
CELL_068	ATGGGTAATGGTGGAG	TE_010	chr10:5125179-5125428(+)	L1	LINE	100
CELL_069	CCAAACATCCAGCTAG	TE_010	chr10:5125179-5125428(+)	L1	LINE	100
CELL_070	CAGCTGCAAGCTTTGC	TE_010	chr10:5125179-5125428(+)	L1	LINE	100
CELL_071	CTACGTGGAGTCTCTG	TE_010	chr10:5125179-5125428(+)	L1	LINE	100
CELL_072	TGAAATTCAGAGATAC	TE_010	chr10:5125179-5125428(+)	L1	LINE	100
CELL_073	GCAGCTAATGGCCCCG	TE_010	chr10:5125179-5125428(+)	L1	LINE	100
CELL_074	CTTAACGGGTGCATCG	TE_010	chr10:5125179-5125428(+)	L1	LINE	100
CELL_075	GCACAGCCTCGTGCAG	TE_010	chr10:5125179-5125428(+)	L1	LINE	100
CELL_076	CCCTCACAAATTTCCG	TE_010	chr10:5125179-5125428(+)	L1	LINE	100
CELL_077	CCATCAGTGATTCAGT	TE_010	chr10:5125179-5125428(+)	L1	LINE	100
CELL_078	ATTGTTTCACCGCAGT	TE_010	chr10:5125179-5125428(+)	L1	LINE	100
CELL_079	TACCGTGAAGTGCCGC	TE_010	chr10:5125179-5125428(+)	L1	LINE	100
CELL_080	CATATACACAGGTTCA	TE_010	chr10:5125179-5125428(+)	L1	LINE	100
CELL_081	TGCTAGAGAAACTGCC	TE_010	chr10:5125179-5125428(+)	L1	LINE	100
CELL_082	ACCCGGGCTTGCCAAC	TE_010	chr10:5125179-5125428(+)	L1	LINE	100
CELL_083	CGGCAACGTGGCGTTG	TE_010	chr10:5125179-5125428(+)	L1	LINE	100
CELL_084	ATTGACAGAGCTTCTT	TE_010	chr10:5125179-5125428(+)	L1	LINE	100
CELL_085	AAGCCGCTGATGTCCA	TE_010	chr10:5125179-5125428(+)	L1	LINE	100
CELL_086	AAAACTGAGTTAGTTC	TE_010	chr10:5125179-5125428(+)	L1	LINE	100
CELL_087	GAGATAGTTGGATGTC	TE_010	chr10:5125179-5125428(+)	L1	LINE	100
CELL_088	GCACTAGAGGGAACAG	TE_010	chr10:5125179-5125428(+)	L1	LINE	100
CELL_089	CCATAGGACCGATACA	TE_010	chr10:5125179-5125428(+)	L1	LINE	100
CELL_090	GACAGTTCAATGGCGG	TE_010	chr10:5125179-5125428(+)	L1	LINE	100
CELL_091	ATGCCCGCACCTGTAT	TE_010	chr10:5125179-5125428(+)	L1	LINE	100
CELL_092	ACACCTAGTATGTAAA	TE_010	chr10:5125179-5125428(+)	L1	LINE	100
CELL_093	AATTGAATACGAGAGG	TE_010	chr10:5125179-5125428(+)	L1	LINE	100
CELL_094	GGCACCCTTTTGCCCT	TE_010	chr10:5125179-5125428(+)	L1	LINE	100
CELL_095	CCCACTGTCTATTCCA	TE_010	chr10:5125179-5125428(+)	L1	LINE	100
CELL_096	GGTCGCCGAATATGTC	TE_010	chr10:5125179-5125428(+)	L1	LINE	100
CELL_097	CCGACTTCGACCCGTT	TE_010	chr10:5125179-5125428(+)	L1	LINE	100
CELL_098	TGGTAGGCCAGGGGCC	TE_010	chr10:5125179-5125428(+)	L1	LINE	100
CELL_099	TGGGCTAAACACGGCC	TE_010	chr10:5125179-5125428(+)	L1	LINE	100
CELL_100	TTCCCGATTGCCATGA	TE_010	chr10:5125179-5125428(+)	L1	LINE	100
